candidate,sample,A_B_iptm,intended_FRB_patch_count
0_model_0_b0_d0,0,0.23,0
0_model_0_b0_d0,1,0.22,0
0_model_0_b0_d0,2,0.34,0
0_model_0_b0_d0,3,0.34,0
0_model_0_b0_d0,4,0.19,0
0_model_0_b1_d0,0,0.8,0
0_model_0_b1_d0,1,0.8,0
0_model_0_b1_d0,2,0.8,0
0_model_0_b1_d0,3,0.79,0
0_model_0_b1_d0,4,0.73,0
0_model_0_b2_d0,0,0.29,4
0_model_0_b2_d0,1,0.61,2
0_model_0_b2_d0,2,0.28,3
0_model_0_b2_d0,3,0.31,2
0_model_0_b2_d0,4,0.35,3
0_model_0_b3_d0,0,0.35,0
0_model_0_b3_d0,1,0.3,0
0_model_0_b3_d0,2,0.35,0
0_model_0_b3_d0,3,0.35,0
0_model_0_b3_d0,4,0.38,0
0_model_1_b0_d0,0,0.44,3
0_model_1_b0_d0,1,0.35,3
0_model_1_b0_d0,2,0.28,4
0_model_1_b0_d0,3,0.42,3
0_model_1_b0_d0,4,0.34,4
0_model_1_b1_d0,0,0.69,0
0_model_1_b1_d0,1,0.72,0
0_model_1_b1_d0,2,0.7,0
0_model_1_b1_d0,3,0.72,0
0_model_1_b1_d0,4,0.73,0
0_model_1_b2_d0,0,0.4,0
0_model_1_b2_d0,1,0.43,0
0_model_1_b2_d0,2,0.34,0
0_model_1_b2_d0,3,0.44,0
0_model_1_b2_d0,4,0.39,0
0_model_1_b3_d0,0,0.37,0
0_model_1_b3_d0,1,0.32,0
0_model_1_b3_d0,2,0.44,0
0_model_1_b3_d0,3,0.45,0
0_model_1_b3_d0,4,0.38,0
0_model_6_b0_d0,0,0.34,0
0_model_6_b0_d0,1,0.38,0
0_model_6_b0_d0,2,0.32,0
0_model_6_b0_d0,3,0.57,0
0_model_6_b0_d0,4,0.34,0
0_model_6_b1_d0,0,0.6,0
0_model_6_b1_d0,1,0.57,0
0_model_6_b1_d0,2,0.6,0
0_model_6_b1_d0,3,0.52,0
0_model_6_b1_d0,4,0.55,0
0_model_6_b2_d0,0,0.61,0
0_model_6_b2_d0,1,0.59,0
0_model_6_b2_d0,2,0.62,0
0_model_6_b2_d0,3,0.6,0
0_model_6_b2_d0,4,0.55,0
0_model_6_b3_d0,0,0.79,0
0_model_6_b3_d0,1,0.75,0
0_model_6_b3_d0,2,0.72,0
0_model_6_b3_d0,3,0.75,0
0_model_6_b3_d0,4,0.73,0
1_model_7_b0_d0,0,0.42,0
1_model_7_b0_d0,1,0.42,0
1_model_7_b0_d0,2,0.39,0
1_model_7_b0_d0,3,0.34,0
1_model_7_b0_d0,4,0.42,0
1_model_7_b1_d0,0,0.25,0
1_model_7_b1_d0,1,0.29,0
1_model_7_b1_d0,2,0.27,0
1_model_7_b1_d0,3,0.56,6
1_model_7_b1_d0,4,0.22,0
1_model_7_b2_d0,0,0.64,0
1_model_7_b2_d0,1,0.65,0
1_model_7_b2_d0,2,0.6,0
1_model_7_b2_d0,3,0.61,0
1_model_7_b2_d0,4,0.57,0
1_model_7_b3_d0,0,0.35,0
1_model_7_b3_d0,1,0.39,0
1_model_7_b3_d0,2,0.42,0
1_model_7_b3_d0,3,0.56,0
1_model_7_b3_d0,4,0.31,0
2_model_2_b0_d0,0,0.17,0
2_model_2_b0_d0,1,0.17,0
2_model_2_b0_d0,2,0.15,0
2_model_2_b0_d0,3,0.19,0
2_model_2_b0_d0,4,0.23,0
2_model_2_b1_d0,0,0.2,0
2_model_2_b1_d0,1,0.17,0
2_model_2_b1_d0,2,0.2,0
2_model_2_b1_d0,3,0.19,0
2_model_2_b1_d0,4,0.26,0
2_model_2_b2_d0,0,0.23,0
2_model_2_b2_d0,1,0.22,6
2_model_2_b2_d0,2,0.25,0
2_model_2_b2_d0,3,0.15,0
2_model_2_b2_d0,4,0.25,0
2_model_2_b3_d0,0,0.14,0
2_model_2_b3_d0,1,0.13,0
2_model_2_b3_d0,2,0.15,0
2_model_2_b3_d0,3,0.21,0
2_model_2_b3_d0,4,0.14,0
2_model_3_b0_d0,0,0.39,3
2_model_3_b0_d0,1,0.25,4
2_model_3_b0_d0,2,0.25,4
2_model_3_b0_d0,3,0.44,7
2_model_3_b0_d0,4,0.35,3
2_model_3_b1_d0,0,0.38,3
2_model_3_b1_d0,1,0.36,4
2_model_3_b1_d0,2,0.22,4
2_model_3_b1_d0,3,0.29,4
2_model_3_b1_d0,4,0.29,4
2_model_3_b2_d0,0,0.45,3
2_model_3_b2_d0,1,0.24,3
2_model_3_b2_d0,2,0.59,5
2_model_3_b2_d0,3,0.4,4
2_model_3_b2_d0,4,0.32,4
2_model_3_b3_d0,0,0.35,4
2_model_3_b3_d0,1,0.22,4
2_model_3_b3_d0,2,0.33,3
2_model_3_b3_d0,3,0.29,3
2_model_3_b3_d0,4,0.27,4
3_model_0_b0_d0,0,0.37,0
3_model_0_b0_d0,1,0.26,0
3_model_0_b0_d0,2,0.24,0
3_model_0_b0_d0,3,0.26,0
3_model_0_b0_d0,4,0.3,0
3_model_0_b1_d0,0,0.34,0
3_model_0_b1_d0,1,0.32,0
3_model_0_b1_d0,2,0.29,0
3_model_0_b1_d0,3,0.25,0
3_model_0_b1_d0,4,0.27,0
3_model_0_b2_d0,0,0.51,0
3_model_0_b2_d0,1,0.34,0
3_model_0_b2_d0,2,0.47,0
3_model_0_b2_d0,3,0.41,0
3_model_0_b2_d0,4,0.33,0
3_model_0_b3_d0,0,0.34,0
3_model_0_b3_d0,1,0.35,0
3_model_0_b3_d0,2,0.35,0
3_model_0_b3_d0,3,0.32,0
3_model_0_b3_d0,4,0.4,0
3_model_3_b0_d0,0,0.23,6
3_model_3_b0_d0,1,0.23,7
3_model_3_b0_d0,2,0.19,5
3_model_3_b0_d0,3,0.26,7
3_model_3_b0_d0,4,0.34,0
3_model_3_b1_d0,0,0.29,3
3_model_3_b1_d0,1,0.28,3
3_model_3_b1_d0,2,0.25,5
3_model_3_b1_d0,3,0.34,3
3_model_3_b1_d0,4,0.41,2
3_model_3_b2_d0,0,0.24,0
3_model_3_b2_d0,1,0.22,0
3_model_3_b2_d0,2,0.21,0
3_model_3_b2_d0,3,0.21,0
3_model_3_b2_d0,4,0.22,0
3_model_3_b3_d0,0,0.32,0
3_model_3_b3_d0,1,0.45,0
3_model_3_b3_d0,2,0.36,0
3_model_3_b3_d0,3,0.37,0
3_model_3_b3_d0,4,0.3,0
4_model_7_b0_d0,0,0.28,5
4_model_7_b0_d0,1,0.52,3
4_model_7_b0_d0,2,0.24,4
4_model_7_b0_d0,3,0.34,4
4_model_7_b0_d0,4,0.41,4
4_model_7_b1_d0,0,0.62,0
4_model_7_b1_d0,1,0.35,0
4_model_7_b1_d0,2,0.34,0
4_model_7_b1_d0,3,0.29,0
4_model_7_b1_d0,4,0.62,0
4_model_7_b2_d0,0,0.78,0
4_model_7_b2_d0,1,0.79,0
4_model_7_b2_d0,2,0.79,0
4_model_7_b2_d0,3,0.79,0
4_model_7_b2_d0,4,0.77,0
4_model_7_b3_d0,0,0.37,4
4_model_7_b3_d0,1,0.33,5
4_model_7_b3_d0,2,0.29,5
4_model_7_b3_d0,3,0.3,5
4_model_7_b3_d0,4,0.37,6
5_model_1_b0_d0,0,0.31,0
5_model_1_b0_d0,1,0.24,2
5_model_1_b0_d0,2,0.24,0
5_model_1_b0_d0,3,0.21,0
5_model_1_b0_d0,4,0.24,0
5_model_1_b1_d0,0,0.32,0
5_model_1_b1_d0,1,0.32,0
5_model_1_b1_d0,2,0.24,0
5_model_1_b1_d0,3,0.3,0
5_model_1_b1_d0,4,0.37,0
5_model_1_b2_d0,0,0.42,0
5_model_1_b2_d0,1,0.44,0
5_model_1_b2_d0,2,0.42,0
5_model_1_b2_d0,3,0.4,0
5_model_1_b2_d0,4,0.5,0
5_model_1_b3_d0,0,0.49,0
5_model_1_b3_d0,1,0.55,0
5_model_1_b3_d0,2,0.3,0
5_model_1_b3_d0,3,0.5,0
5_model_1_b3_d0,4,0.37,0
5_model_3_b0_d0,0,0.23,3
5_model_3_b0_d0,1,0.3,1
5_model_3_b0_d0,2,0.25,6
5_model_3_b0_d0,3,0.29,5
5_model_3_b0_d0,4,0.31,7
5_model_3_b1_d0,0,0.39,2
5_model_3_b1_d0,1,0.24,2
5_model_3_b1_d0,2,0.26,4
5_model_3_b1_d0,3,0.52,2
5_model_3_b1_d0,4,0.25,2
5_model_3_b2_d0,0,0.27,4
5_model_3_b2_d0,1,0.25,4
5_model_3_b2_d0,2,0.24,5
5_model_3_b2_d0,3,0.24,3
5_model_3_b2_d0,4,0.27,4
5_model_3_b3_d0,0,0.58,6
5_model_3_b3_d0,1,0.26,4
5_model_3_b3_d0,2,0.3,4
5_model_3_b3_d0,3,0.57,6
5_model_3_b3_d0,4,0.23,4
5_model_5_b0_d0,0,0.33,6
5_model_5_b0_d0,1,0.25,0
5_model_5_b0_d0,2,0.2,0
5_model_5_b0_d0,3,0.21,0
5_model_5_b0_d0,4,0.22,0
5_model_5_b1_d0,0,0.12,1
5_model_5_b1_d0,1,0.1,4
5_model_5_b1_d0,2,0.19,0
5_model_5_b1_d0,3,0.24,0
5_model_5_b1_d0,4,0.12,0
5_model_5_b2_d0,0,0.36,0
5_model_5_b2_d0,1,0.46,0
5_model_5_b2_d0,2,0.39,0
5_model_5_b2_d0,3,0.43,0
5_model_5_b2_d0,4,0.24,0
5_model_5_b3_d0,0,0.47,0
5_model_5_b3_d0,1,0.57,0
5_model_5_b3_d0,2,0.56,0
5_model_5_b3_d0,3,0.52,0
5_model_5_b3_d0,4,0.5,0
6_model_3_b0_d0,0,0.32,6
6_model_3_b0_d0,1,0.25,5
6_model_3_b0_d0,2,0.22,3
6_model_3_b0_d0,3,0.23,4
6_model_3_b0_d0,4,0.25,4
6_model_3_b1_d0,0,0.39,5
6_model_3_b1_d0,1,0.16,5
6_model_3_b1_d0,2,0.16,5
6_model_3_b1_d0,3,0.19,6
6_model_3_b1_d0,4,0.2,3
6_model_3_b2_d0,0,0.25,4
6_model_3_b2_d0,1,0.19,7
6_model_3_b2_d0,2,0.34,5
6_model_3_b2_d0,3,0.23,7
6_model_3_b2_d0,4,0.3,4
6_model_3_b3_d0,0,0.14,5
6_model_3_b3_d0,1,0.15,5
6_model_3_b3_d0,2,0.14,4
6_model_3_b3_d0,3,0.17,6
6_model_3_b3_d0,4,0.19,4
6_model_5_b0_d0,0,0.35,0
6_model_5_b0_d0,1,0.29,0
6_model_5_b0_d0,2,0.35,0
6_model_5_b0_d0,3,0.36,0
6_model_5_b0_d0,4,0.35,0
6_model_5_b1_d0,0,0.43,0
6_model_5_b1_d0,1,0.39,0
6_model_5_b1_d0,2,0.32,0
6_model_5_b1_d0,3,0.4,0
6_model_5_b1_d0,4,0.33,0
6_model_5_b2_d0,0,0.34,0
6_model_5_b2_d0,1,0.34,0
6_model_5_b2_d0,2,0.42,0
6_model_5_b2_d0,3,0.44,0
6_model_5_b2_d0,4,0.33,0
6_model_5_b3_d0,0,0.3,0
6_model_5_b3_d0,1,0.24,0
6_model_5_b3_d0,2,0.25,0
6_model_5_b3_d0,3,0.22,0
6_model_5_b3_d0,4,0.42,0
7_model_3_b0_d0,0,0.19,5
7_model_3_b0_d0,1,0.39,3
7_model_3_b0_d0,2,0.18,0
7_model_3_b0_d0,3,0.4,5
7_model_3_b0_d0,4,0.27,6
7_model_3_b1_d0,0,0.82,0
7_model_3_b1_d0,1,0.79,0
7_model_3_b1_d0,2,0.81,0
7_model_3_b1_d0,3,0.8,0
7_model_3_b1_d0,4,0.77,0
7_model_3_b2_d0,0,0.52,0
7_model_3_b2_d0,1,0.52,0
7_model_3_b2_d0,2,0.53,0
7_model_3_b2_d0,3,0.5,0
7_model_3_b2_d0,4,0.37,0
7_model_3_b3_d0,0,0.44,0
7_model_3_b3_d0,1,0.44,0
7_model_3_b3_d0,2,0.4,0
7_model_3_b3_d0,3,0.3,0
7_model_3_b3_d0,4,0.35,0
7_model_7_b0_d0,0,0.49,3
7_model_7_b0_d0,1,0.25,4
7_model_7_b0_d0,2,0.11,0
7_model_7_b0_d0,3,0.43,3
7_model_7_b0_d0,4,0.15,0
7_model_7_b1_d0,0,0.22,5
7_model_7_b1_d0,1,0.22,6
7_model_7_b1_d0,2,0.19,6
7_model_7_b1_d0,3,0.21,7
7_model_7_b1_d0,4,0.21,6
7_model_7_b2_d0,0,0.77,0
7_model_7_b2_d0,1,0.84,0
7_model_7_b2_d0,2,0.79,0
7_model_7_b2_d0,3,0.77,0
7_model_7_b2_d0,4,0.76,0
7_model_7_b3_d0,0,0.31,2
7_model_7_b3_d0,1,0.48,2
7_model_7_b3_d0,2,0.2,3
7_model_7_b3_d0,3,0.43,2
7_model_7_b3_d0,4,0.43,3
8_model_1_b0_d0,0,0.85,2
8_model_1_b0_d0,1,0.85,2
8_model_1_b0_d0,2,0.86,2
8_model_1_b0_d0,3,0.86,2
8_model_1_b0_d0,4,0.84,2
8_model_1_b1_d0,0,0.13,4
8_model_1_b1_d0,1,0.11,5
8_model_1_b1_d0,2,0.18,0
8_model_1_b1_d0,3,0.1,4
8_model_1_b1_d0,4,0.11,2
8_model_1_b2_d0,0,0.24,6
8_model_1_b2_d0,1,0.19,6
8_model_1_b2_d0,2,0.17,5
8_model_1_b2_d0,3,0.24,7
8_model_1_b2_d0,4,0.16,4
8_model_1_b3_d0,0,0.21,5
8_model_1_b3_d0,1,0.12,6
8_model_1_b3_d0,2,0.17,0
8_model_1_b3_d0,3,0.18,0
8_model_1_b3_d0,4,0.24,7
8_model_2_b0_d0,0,0.43,0
8_model_2_b0_d0,1,0.46,0
8_model_2_b0_d0,2,0.44,0
8_model_2_b0_d0,3,0.38,0
8_model_2_b0_d0,4,0.57,0
8_model_2_b1_d0,0,0.47,0
8_model_2_b1_d0,1,0.42,0
8_model_2_b1_d0,2,0.64,0
8_model_2_b1_d0,3,0.43,0
8_model_2_b1_d0,4,0.72,0
8_model_2_b2_d0,0,0.24,5
8_model_2_b2_d0,1,0.2,6
8_model_2_b2_d0,2,0.27,0
8_model_2_b2_d0,3,0.23,0
8_model_2_b2_d0,4,0.34,0
8_model_2_b3_d0,0,0.22,0
8_model_2_b3_d0,1,0.27,3
8_model_2_b3_d0,2,0.34,0
8_model_2_b3_d0,3,0.3,0
8_model_2_b3_d0,4,0.46,0
8_model_7_b0_d0,0,0.31,0
8_model_7_b0_d0,1,0.33,0
8_model_7_b0_d0,2,0.23,0
8_model_7_b0_d0,3,0.33,0
8_model_7_b0_d0,4,0.32,0
8_model_7_b1_d0,0,0.29,6
8_model_7_b1_d0,1,0.24,7
8_model_7_b1_d0,2,0.22,6
8_model_7_b1_d0,3,0.28,6
8_model_7_b1_d0,4,0.31,0
8_model_7_b2_d0,0,0.39,6
8_model_7_b2_d0,1,0.39,7
8_model_7_b2_d0,2,0.4,6
8_model_7_b2_d0,3,0.41,6
8_model_7_b2_d0,4,0.45,7
8_model_7_b3_d0,0,0.49,6
8_model_7_b3_d0,1,0.48,7
8_model_7_b3_d0,2,0.47,6
8_model_7_b3_d0,3,0.48,6
8_model_7_b3_d0,4,0.52,7
9_model_1_b0_d0,0,0.42,5
9_model_1_b0_d0,1,0.43,3
9_model_1_b0_d0,2,0.31,6
9_model_1_b0_d0,3,0.51,5
9_model_1_b0_d0,4,0.42,3
9_model_1_b1_d0,0,0.26,3
9_model_1_b1_d0,1,0.29,4
9_model_1_b1_d0,2,0.35,0
9_model_1_b1_d0,3,0.23,4
9_model_1_b1_d0,4,0.32,4
9_model_1_b2_d0,0,0.32,7
9_model_1_b2_d0,1,0.23,3
9_model_1_b2_d0,2,0.31,7
9_model_1_b2_d0,3,0.3,3
9_model_1_b2_d0,4,0.28,0
9_model_1_b3_d0,0,0.36,5
9_model_1_b3_d0,1,0.37,4
9_model_1_b3_d0,2,0.32,4
9_model_1_b3_d0,3,0.32,3
9_model_1_b3_d0,4,0.36,5
9_model_3_b0_d0,0,0.35,0
9_model_3_b0_d0,1,0.22,0
9_model_3_b0_d0,2,0.35,0
9_model_3_b0_d0,3,0.34,0
9_model_3_b0_d0,4,0.28,0
9_model_3_b1_d0,0,0.31,7
9_model_3_b1_d0,1,0.32,7
9_model_3_b1_d0,2,0.19,4
9_model_3_b1_d0,3,0.23,6
9_model_3_b1_d0,4,0.49,5
9_model_3_b2_d0,0,0.48,0
9_model_3_b2_d0,1,0.19,4
9_model_3_b2_d0,2,0.21,3
9_model_3_b2_d0,3,0.2,7
9_model_3_b2_d0,4,0.29,0
9_model_3_b3_d0,0,0.37,0
9_model_3_b3_d0,1,0.22,4
9_model_3_b3_d0,2,0.37,4
9_model_3_b3_d0,3,0.42,5
9_model_3_b3_d0,4,0.33,7
9_model_4_b0_d0,0,0.24,0
9_model_4_b0_d0,1,0.17,0
9_model_4_b0_d0,2,0.22,0
9_model_4_b0_d0,3,0.26,0
9_model_4_b0_d0,4,0.4,0
9_model_4_b1_d0,0,0.59,0
9_model_4_b1_d0,1,0.33,0
9_model_4_b1_d0,2,0.3,0
9_model_4_b1_d0,3,0.37,0
9_model_4_b1_d0,4,0.38,0
9_model_4_b2_d0,0,0.27,6
9_model_4_b2_d0,1,0.32,5
9_model_4_b2_d0,2,0.27,7
9_model_4_b2_d0,3,0.25,5
9_model_4_b2_d0,4,0.26,7
9_model_4_b3_d0,0,0.44,0
9_model_4_b3_d0,1,0.24,0
9_model_4_b3_d0,2,0.38,0
9_model_4_b3_d0,3,0.33,0
9_model_4_b3_d0,4,0.37,0
