design,binder_length,bb_CA_CA_mean,bb_CA_CA_std,bb_CA_CA_min,bb_CA_CA_max,bb_CA_CA_outlier_count,bb_CA_CA_outlier_fraction,bb_peptide_CN_mean,bb_peptide_CN_std,bb_peptide_CN_min,bb_peptide_CN_max,bb_peptide_CN_outlier_count,bb_peptide_CN_outlier_fraction,bb_chain_break_count,bb_rap_min_distance,bb_rap_atom_contacts_4A,bb_rap_contact_residues,bb_rap_contact_residue_count,rap_atoms_contacted_by_bb,rap_atoms_contacted_by_bb_count,bb_frb_min_distance,bb_frb_atom_contacts_4A,bb_frb_contact_residues,bb_frb_contact_residue_count,frb_residues_contacted_by_bb,frb_residues_contacted_by_bb_count,bb_bridge_residues,bb_bridge_residue_count,bb_interface_residues,bb_interface_residue_count,bb_interface_fraction,bb_contact_balance,bb_rap_clashes_lt2A,bb_frb_clashes_lt2A,bb_total_clashes_lt2A,bb_RAP_O3_min_distance,bb_RAP_O3_contact_4A,RAP_O3_CA_min_distance,RAP_O3_CA_closest_resid,RAP_O3_CA_closest_resname,RAP_O3_CBpref_min_distance,RAP_O3_CBpref_closest_resid,RAP_O3_CBpref_closest_resname,RAP_O3_CBpref_reference_atom,bb_RAP_O8_min_distance,bb_RAP_O8_contact_4A,RAP_O8_CA_min_distance,RAP_O8_CA_closest_resid,RAP_O8_CA_closest_resname,RAP_O8_CBpref_min_distance,RAP_O8_CBpref_closest_resid,RAP_O8_CBpref_closest_resname,RAP_O8_CBpref_reference_atom,bb_B25_ARG_min_distance,bb_B25_ARG_contact_4A,B25_ARG_CA_min_distance,B25_ARG_CA_closest_resid,B25_ARG_CA_closest_resname,B25_ARG_CBpref_min_distance,B25_ARG_CBpref_closest_resid,B25_ARG_CBpref_closest_resname,B25_ARG_CBpref_reference_atom,bb_B88_TYR_min_distance,bb_B88_TYR_contact_4A,B88_TYR_CA_min_distance,B88_TYR_CA_closest_resid,B88_TYR_CA_closest_resname,B88_TYR_CBpref_min_distance,B88_TYR_CBpref_closest_resid,B88_TYR_CBpref_closest_resname,B88_TYR_CBpref_reference_atom,length_class,O8_class,B88_class,hard_pass,hard_fail_reason,backbone_integrity_pass,overall_qc_pass,selected,selection_reason,diversity_group,soft_rank,group_rank
frb_rap_binder_raphotspot_frb_rap_binder_raphotspot_0_model_0,57,3.78979370051405,0.014006391873473826,3.7626029784808894,3.8264778070519068,0,0.0,1.3154615633352977,0.016425695274149377,1.2781171852354563,1.3584631766102455,0,0.0,0,2.607187010635797,9,14;15;18;46;47,5,C40;C41;C43;O13;O3,5,2.8778484973891536,9,21;22;23;26;27,5,21:TYR;25:ARG;77:VAL;78:LYS,4,,0,14;15;18;21;22;23;26;27;46;47,10,0.17543859649122806,5,0,0,0,3.907510970333609,True,4.131363946882445,15,ALA,3.832873684654885,14,LEU,CB,5.803911704284965,False,5.803911704284965,54,LYS,5.221185734514709,54,LYS,CB,2.8778484973891536,True,2.8778484973891536,27,ALA,3.488466852184415,27,ALA,CB,4.088793721812155,False,4.088793721812155,57,ALA,2.835259152103553,57,ALA,CB,50-59,mid,near,True,,True,True,True,diversity,50-59|O8:mid|B88:near,7,1
frb_rap_binder_raphotspot_frb_rap_binder_raphotspot_0_model_1,57,3.7945739005641506,0.01628825490146312,3.7678482089204794,3.866279482953322,0,0.0,1.319633270698144,0.01676966868407582,1.2780184090491005,1.3674775784144906,0,0.0,0,2.5658059929709123,17,15;16;24;36;40,5,C26;C27;C3;C4;C40;C41;O10;O13;O8;O9,10,2.8371647168542204,5,9;13;25,3,15:GLU;25:ARG,2,,0,9;13;15;16;24;25;36;40,8,0.14035087719298245,3,0,0,0,5.939625436499463,False,5.939625436499463,40,ALA,4.624200344557471,43,HIS,CB,2.5658059929709123,True,4.089876160686777,25,ALA,5.35914692683227,25,ALA,CB,2.8371647168542204,True,3.732115913365318,9,ALA,3.763404013002131,9,ALA,CB,5.8408628530451185,False,5.8408628530451185,32,LEU,4.639880004776124,32,LEU,CB,50-59,mid,near,True,,True,True,True,diversity,50-59|O8:mid|B88:near,11,2
frb_rap_binder_raphotspot_frb_rap_binder_raphotspot_0_model_2,57,3.7911120827939055,0.01304014260010226,3.7675400859168184,3.8311311153921763,0,0.0,1.3145224977862977,0.014297779659878782,1.2728609174357373,1.352647242706571,0,0.0,0,3.1515602894511106,10,7;43;47,3,C1;C2;C43;O13;O2;O3,6,2.8057152049782355,9,14;49;50,3,25:ARG,1,,0,7;14;43;47;49;50,6,0.10526315789473684,3,0,0,0,3.7921143442892924,True,3.7921143442892924,47,GLY,3.7921143442892924,47,GLY,CA,6.134107302100355,False,6.2432145017028855,1,ALA,6.7000808226314,2,PRO,CB,2.8057152049782355,True,2.8057152049782355,14,ALA,2.3996828524866656,14,ALA,CB,7.814190839023634,False,8.078825059330919,1,ALA,8.37425970227389,1,ALA,CB,50-59,mid,far,True,,True,True,True,diversity,50-59|O8:mid|B88:far,30,2
frb_rap_binder_raphotspot_frb_rap_binder_raphotspot_0_model_3,57,3.789712197866994,0.013384787317808648,3.7677849147886273,3.8305666374862612,0,0.0,1.3178715465978463,0.013701295906446198,1.2901558428049065,1.3575575179714052,0,0.0,0,3.4675662923022785,4,41;46,2,C41;C42;C43,3,1.8806134637562701,24,1;2;3;43,4,24:GLU;25:ARG,2,,0,1;2;3;41;43;46,6,0.10526315789473684,2,0,1,1,4.4328827317811355,False,4.4328827317811355,45,SER,3.23921289000645,45,SER,CB,11.87660833622697,False,11.87660833622697,46,ALA,11.13597282721576,49,ASN,CB,2.8608598532637024,True,2.950175364077853,43,ALA,2.9737081451776683,43,ALA,CB,14.264668337660739,False,14.300288742001857,49,ASN,12.874920211247439,49,ASN,CB,50-59,far,far,False,target_clash,True,False,False,,50-59|O8:far|B88:far,,
frb_rap_binder_raphotspot_frb_rap_binder_raphotspot_0_model_4,57,3.7916279349808972,0.015682528691012686,3.7662257026687076,3.8410816818305964,0,0.0,1.31794597592067,0.014921282928533012,1.2557708056481878,1.3498696721990606,0,0.0,0,3.8948421185730324,1,4,1,O13,1,2.7477371875338057,6,10;11,2,25:ARG,1,,0,4;10;11,3,0.05263157894736842,1,0,0,0,4.403470740097804,False,4.457835582521448,27,CYS,4.442200581583832,27,CYS,CB,11.793476898539721,False,11.793476898539721,4,ALA,11.261127605340684,4,ALA,CB,2.7477371875338057,True,2.814422289724138,10,GLY,2.814422289724138,10,GLY,CA,15.830759526447538,False,15.832590902629981,8,PHE,14.760895840369793,30,LEU,CB,50-59,far,far,True,,True,True,False,,50-59|O8:far|B88:far,65,12
frb_rap_binder_raphotspot_frb_rap_binder_raphotspot_0_model_5,57,3.789132737283991,0.01363961835172978,3.767162360362359,3.8257954558430725,0,0.0,1.3141548649430033,0.016824897978543096,1.268469332125239,1.369067078117956,0,0.0,0,2.5917036870717753,20,2;3;4;9;50;51,6,C3;C39;C40;C43;C52;O10;O12;O13;O2,9,3.89479832279488,1,46,1,25:ARG,1,,0,2;3;4;9;46;50;51,7,0.12280701754385964,1,0,0,0,5.012911559410629,False,5.511078318469688,47,ILE,5.256300712117305,51,LYS,CB,4.546939131073074,False,5.914635755363229,5,THR,5.854312702215871,3,VAL,CB,3.89479832279488,True,3.89479832279488,46,ILE,3.094789048610507,49,ALA,CB,5.502713413560532,False,5.502713413560532,6,GLU,4.087216817274806,6,GLU,CB,50-59,mid,near,True,,True,True,False,,50-59|O8:mid|B88:near,19,4
frb_rap_binder_raphotspot_frb_rap_binder_raphotspot_0_model_6,57,3.7896329776541235,0.013496678216250045,3.7663438231937656,3.8307790674288826,0,0.0,1.317945046330297,0.013853888868722655,1.287977578795787,1.3568068318228979,0,0.0,0,3.3048574253761758,9,6;9;10;53,4,C3;C4;C43,3,2.183576937854824,12,48;49;52,3,25:ARG,1,,0,6;9;10;48;49;52;53,7,0.12280701754385964,3,0,0,0,4.865412310269948,False,4.865412310269948,53,VAL,3.95227883058457,53,VAL,CB,6.500983430775628,False,7.1849152194988415,39,PHE,6.937256200232288,39,PHE,CB,2.183576937854824,True,3.368726141281573,48,ALA,2.654177023264462,48,ALA,CB,4.2412431709594305,False,4.527269785811543,2,THR,3.6478778352429777,2,THR,CB,50-59,mid,near,True,,True,True,True,diversity,50-59|O8:mid|B88:near,17,3
frb_rap_binder_raphotspot_frb_rap_binder_raphotspot_0_model_7,57,3.786795465026984,0.010730156711344065,3.7693171776531282,3.8233829881498704,0,0.0,1.3128435081143668,0.009685592255175594,1.2942959728031491,1.3359802510062033,0,0.0,0,3.3182769273714,9,7;10;11;47,4,C43;O13;O3,3,3.1350261787385905,9,13;17;18,3,25:ARG,1,,0,7;10;11;13;17;18;47,7,0.12280701754385964,3,0,0,0,3.566110190594678,True,3.566110190594678,7,ASP,3.5264559661930472,10,LEU,CB,11.30092845267744,False,11.30092845267744,47,ALA,9.955685155404217,47,ALA,CB,3.939649870532361,True,4.620954871062893,25,ALA,3.5495650937125984,25,ALA,CB,13.09653848248643,False,13.09653848248643,44,THR,12.448839584216346,44,THR,CB,50-59,far,far,True,,True,True,True,diversity,50-59|O8:far|B88:far,18,2
frb_rap_binder_raphotspot_frb_rap_binder_raphotspot_1_model_0,51,3.79012188482662,0.01599255411466859,3.7706625191465077,3.880712630832791,0,0.0,1.3145084677462617,0.014835955928679232,1.2735051228831107,1.3589161790932545,0,0.0,0,4.211780832789836,0,,0,,0,3.8638775880886613,2,14,1,25:ARG,1,,0,14,1,0.0196078431372549,0,0,0,0,5.257134033916009,False,5.257134033916009,42,ALA,4.142694944221693,42,ALA,CB,12.618546737816384,False,12.618546737816384,17,GLN,11.509638729152547,20,ALA,CB,3.8638775880886613,True,3.8638775880886613,14,ALA,3.7833514017007333,14,ALA,CB,15.34048998160871,False,15.34048998160871,16,PHE,13.966804951450506,16,PHE,CB,50-59,far,far,False,no_RAP_contact,True,False,False,,50-59|O8:far|B88:far,,
frb_rap_binder_raphotspot_frb_rap_binder_raphotspot_1_model_1,51,3.7897441314425593,0.011304077180990113,3.7682259268594622,3.814301406928631,0,0.0,1.3139094813656136,0.013880723075241526,1.2765421593915591,1.348100633539874,0,0.0,0,3.0302825717034163,8,21;22;33;34,4,C43;O3;O4,3,2.5239573026286437,5,30;38,2,25:ARG;78:LYS,2,,0,21;22;30;33;34;38,6,0.11764705882352941,2,0,0,0,3.9037758620206975,True,4.091977475584665,21,ALA,3.06034167971145,21,ALA,CB,12.891451713551193,False,12.891451713551193,41,THR,12.183238199509876,41,THR,CB,2.5239573026286437,True,3.052789127577763,38,ASN,2.9684706678572135,38,ASN,CB,13.798996285446153,False,13.798996285446153,22,VAL,13.164811859626031,22,VAL,CB,50-59,far,far,True,,True,True,True,diversity,50-59|O8:far|B88:far,24,3
frb_rap_binder_raphotspot_frb_rap_binder_raphotspot_1_model_2,51,3.791450340626158,0.011870512097851086,3.77375255783707,3.8257495663303276,0,0.0,1.3139902672955395,0.013947496834309587,1.2810443916169965,1.3417192250152374,0,0.0,0,3.897026495261107,3,41;42,2,C41;O13,2,2.4410980393794555,6,27;35,2,25:ARG;76:ASN;77:VAL,3,,0,27;35;41;42,4,0.0784313725490196,2,0,0,0,5.885546981758944,False,5.885546981758944,17,GLN,4.816017567236644,37,LEU,CB,11.850089521185575,False,11.850089521185575,42,ALA,10.748797129457262,45,GLN,CB,2.4410980393794555,True,3.2705959711173875,35,ASP,3.387019975385532,35,ASP,CB,15.027900405737793,False,15.079508193510843,41,LEU,13.755446962836757,41,LEU,CB,50-59,far,far,True,,True,True,False,,50-59|O8:far|B88:far,47,5
frb_rap_binder_raphotspot_frb_rap_binder_raphotspot_1_model_3,51,3.788052699519598,0.009354895521144288,3.7663218450402796,3.8143382296564803,0,0.0,1.3145028542947501,0.013178533106471003,1.2847070333083255,1.3562857281992517,0,0.0,0,3.001496232741247,4,37;41,2,C43;O3,2,1.8354670485282483,21,3;4;6;7;43;44;48,7,25:ARG;71:TYR;77:VAL,3,,0,3;4;6;7;37;41;43;44;48,9,0.17647058823529413,2,0,1,1,3.001496232741247,True,3.001496232741247,37,ALA,3.3049957093535007,37,ALA,CB,12.549116708888823,False,12.549116708888823,14,ALA,11.22253273027205,14,ALA,CB,1.8354670485282483,True,2.8592621767651893,7,GLY,2.8592621767651893,7,GLY,CA,14.558785544030197,False,14.558785544030197,14,ALA,13.746823591543883,14,ALA,CB,50-59,far,far,False,target_clash,True,False,False,,50-59|O8:far|B88:far,,
frb_rap_binder_raphotspot_frb_rap_binder_raphotspot_1_model_4,51,3.7867709633879487,0.011936960797226575,3.7598341623956886,3.823972520264424,0,0.0,1.3108624587661135,0.012053980857980153,1.2770935585411163,1.3380061556959486,0,0.0,0,3.9277176127626534,1,30,1,C43,1,2.2904726830868865,12,14;17;18,3,25:ARG,1,,0,14;17;18;30,4,0.0784313725490196,1,0,0,0,4.482449679837123,False,4.482449679837123,34,ALA,4.4232013618004276,37,LEU,CB,12.761937580016774,False,12.761937580016774,11,GLN,12.19341429590461,14,THR,CB,2.2904726830868865,True,2.572361018103441,17,GLY,2.572361018103441,17,GLY,CA,15.98427464560855,False,15.98427464560855,11,GLN,15.045306520578146,11,GLN,CB,50-59,far,far,True,,True,True,False,,50-59|O8:far|B88:far,49,7
frb_rap_binder_raphotspot_frb_rap_binder_raphotspot_1_model_5,51,3.790980004568746,0.011219731808883025,3.7727728220136934,3.824877522967977,0,0.0,1.310542224757547,0.01918757980366111,1.2293808746516952,1.34367900642261,0,0.0,0,3.4167892847426184,5,29;32;33,3,C4;C41;O2,3,5.334928537140986,0,,0,,0,,0,29;32;33,3,0.058823529411764705,0,0,0,0,6.63583770931719,False,6.63583770931719,20,LEU,5.158370342688696,20,LEU,CB,7.606627494614967,False,8.082867134588481,32,LEU,7.149576995648124,32,LEU,CB,9.947435810810504,False,9.947435810810504,36,ALA,9.259770576989489,36,ALA,CB,5.334928537140986,False,5.812232483803358,28,ALA,4.677406050901396,28,ALA,CB,50-59,mid,near,False,no_FRB_contact,True,False,False,,50-59|O8:mid|B88:near,,
frb_rap_binder_raphotspot_frb_rap_binder_raphotspot_1_model_6,51,3.78945971194215,0.011960625932473252,3.7691514624382676,3.8152166388134825,0,0.0,1.3120438635234108,0.010269929591142346,1.2829779502529814,1.3334318581643423,0,0.0,0,3.7225625349056326,3,28;32,2,C43;O3,2,3.539895908020247,3,11;12,2,25:ARG,1,,0,11;12;28;32,4,0.0784313725490196,2,0,0,0,3.7225625349056326,True,3.7225625349056326,32,ALA,3.581316679779464,32,ALA,CB,13.113332551284849,False,13.113332551284849,9,GLN,12.546332618909831,9,GLN,CB,3.539895908020247,True,3.539895908020247,12,THR,2.680522062659063,15,ALA,CB,15.567985844548376,False,15.688652661254944,32,ALA,14.649636862234255,31,ALA,CB,50-59,far,far,True,,True,True,False,,50-59|O8:far|B88:far,48,6
frb_rap_binder_raphotspot_frb_rap_binder_raphotspot_1_model_7,51,3.792642772679159,0.011866608832590358,3.766094476857432,3.82218134560623,0,0.0,1.3159573107370712,0.014911339981142033,1.278585188418629,1.3470156486498028,0,0.0,0,2.511512241198193,14,19;20;37;41,4,C40;C41;C43;O12;O13;O3,6,3.1067798452584645,7,9;13;16,3,19:ARG;23:GLY;25:ARG,3,,0,9;13;16;19;20;37;41,7,0.13725490196078433,3,0,0,0,3.7080359747885145,True,3.731864838754954,37,ASN,3.874383235831409,40,LEU,CB,6.187043456788776,False,6.187043456788776,19,PRO,4.748245505370306,19,PRO,CB,3.8270265895376743,True,3.988483651922937,9,ALA,3.53081570209406,9,ALA,CB,10.33761178623076,False,10.33761178623076,21,THR,10.102759163951687,21,THR,CB,50-59,near,far,True,,True,True,True,diversity,50-59|O8:near|B88:far,12,2
frb_rap_binder_raphotspot_frb_rap_binder_raphotspot_2_model_0,71,3.791937341836864,0.012146010266827134,3.769090551125192,3.825190107823327,0,0.0,1.316660900540315,0.014551998208144066,1.2797742692731962,1.3594267512083946,0,0.0,0,3.763836647774761,5,9;13,2,C40;C41;C42;O13,4,2.2193788264068033,17,15;16;25,3,25:ARG;78:LYS,2,,0,9;13;15;16;25,5,0.07042253521126761,2,0,0,0,5.406630010577397,False,5.406630010577397,34,ALA,4.045768334210342,34,ALA,CB,11.522095913736774,False,11.522095913736774,9,ALA,10.886293630979582,9,ALA,CB,2.2193788264068033,True,2.794700181081278,15,ALA,2.411357348033354,15,ALA,CB,15.134113543626738,False,15.134113543626738,13,GLN,14.582729529061007,13,GLN,CB,70-80,far,far,True,,True,True,False,,70-80|O8:far|B88:far,54,4
frb_rap_binder_raphotspot_frb_rap_binder_raphotspot_2_model_1,71,3.787727667321174,0.015458827458852409,3.7641892045875576,3.836752619894915,0,0.0,1.3145299782019302,0.012202838729500178,1.2901782279798173,1.3414196572726702,0,0.0,0,3.398595355202166,3,48;60;64,3,C3;C43;O2,3,3.451851330802723,4,46;47,2,25:ARG,1,,0,46;47;48;60;64,5,0.07042253521126761,2,0,0,0,5.216684951381929,False,5.65877933489989,48,ALA,5.000924471849823,48,ALA,CB,5.711184243351774,False,5.711184243351774,71,ALA,4.493174284417336,71,ALA,CB,3.451851330802723,True,3.6534027722589855,46,GLN,2.67256102242117,46,GLN,CB,8.06939983826323,False,8.06939983826323,67,LEU,7.245967869952141,67,LEU,CB,70-80,near,mid,True,,True,True,True,diversity,70-80|O8:near|B88:mid,53,1
frb_rap_binder_raphotspot_frb_rap_binder_raphotspot_2_model_2,71,3.788693351788582,0.013308342172991674,3.7535630003732168,3.8201303801621402,0,0.0,1.3132140299698332,0.014967854109623238,1.2782945168663322,1.361294719803909,0,0.0,0,2.548991015115471,22,41;45;46;65,4,C2;C3;C4;C5;C8;C9;N7;O13;O3;O4,10,2.4705760547693103,7,1;58;62,3,25:ARG;88:TYR,2,,0,1;41;45;46;58;62;65,7,0.09859154929577464,3,0,0,0,3.661390929628518,True,3.661390929628518,45,GLY,3.661390929628518,45,GLY,CA,6.775538592146554,False,6.775538592146554,1,ALA,5.941620118915841,4,LEU,CB,2.4705760547693103,True,3.7654175795888363,58,ALA,3.665012360024121,58,ALA,CB,3.7606612551740537,True,3.7606612551740537,1,ALA,2.353344039783017,1,ALA,CB,70-80,mid,near,True,,True,True,True,diversity,70-80|O8:mid|B88:near,33,2
frb_rap_binder_raphotspot_frb_rap_binder_raphotspot_2_model_3,71,3.787477684923521,0.011747649542019348,3.766739707900514,3.8191320809126954,0,0.0,1.3149859052999333,0.014385187595819464,1.2863831704771214,1.3588762820625766,0,0.0,0,2.6582398274017276,14,5;8;9;38;39;50,6,C3;C4;C40;C41;C43;O13;O6,7,3.224961314469402,4,12;13,2,25:ARG,1,,0,5;8;9;12;13;38;39;50,8,0.11267605633802817,2,0,0,0,4.309222256760829,False,4.309222256760829,8,ASN,3.040771369341486,8,ASN,CB,5.932936893735513,False,6.452113263273205,46,GLN,5.491771059606364,46,GLN,CB,3.224961314469402,True,3.224961314469402,13,ALA,2.5999654453268484,16,ALA,CB,4.06638067068173,False,4.3979942231778795,46,GLN,5.358185548404422,46,GLN,CB,70-80,mid,mid,True,,True,True,True,diversity,70-80|O8:mid|B88:mid,25,1
frb_rap_binder_raphotspot_frb_rap_binder_raphotspot_2_model_4,71,3.7875618590098905,0.013575996089294893,3.763380049918756,3.826748388062524,0,0.0,1.3127336718483391,0.01324659089048204,1.2753005891259774,1.3420358236492975,0,0.0,0,3.3415322973168595,3,14,1,O3;O4,2,2.6102055796782,8,57;60;61,3,25:ARG,1,,0,14;57;60;61,4,0.056338028169014086,1,0,0,0,3.9136395945791937,True,3.9136395945791937,14,ALA,3.109827136209847,14,ALA,CB,11.930012203202843,False,11.930012203202843,54,ASP,11.488061283773037,54,ASP,CB,2.6102055796782,True,3.1116241238476037,60,ALA,2.528022219894667,60,ALA,CB,13.866710999335874,False,13.866710999335874,11,ALA,13.41671577022303,11,ALA,CB,70-80,far,far,True,,True,True,False,,70-80|O8:far|B88:far,60,9
frb_rap_binder_raphotspot_frb_rap_binder_raphotspot_2_model_5,71,3.7949232983618537,0.015458698801129298,3.7718369120615556,3.856234159910241,0,0.0,1.313899524217223,0.01745812323582719,1.264960610738928,1.355641964945583,0,0.0,0,3.6322400751744217,1,53,1,O13,1,2.1464187439031184,12,59;60,2,25:ARG,1,,0,53;59;60,3,0.04225352112676056,1,0,0,0,4.0737462709375425,False,4.0737462709375425,30,ALA,2.8805281096558266,30,ALA,CB,11.414580036733033,False,11.414580036733033,53,LEU,11.16128331371104,56,ALA,CB,2.1464187439031184,True,2.6175157340561066,59,GLY,2.6175157340561066,59,GLY,CA,13.312275895668858,False,13.628465491447928,33,ALA,12.430872280074743,33,ALA,CB,70-80,far,far,True,,True,True,False,,70-80|O8:far|B88:far,67,11
frb_rap_binder_raphotspot_frb_rap_binder_raphotspot_2_model_6,71,3.7907341293940395,0.013234848437595603,3.76697582725992,3.831962035233221,0,0.0,1.3159745047972837,0.014066611846629636,1.2624731053717253,1.3525758481042753,0,0.0,0,3.738755872025369,1,31,1,C43,1,2.5544761693712177,10,15;18;19,3,25:ARG,1,,0,15;18;19;31,4,0.056338028169014086,1,0,0,0,4.010359679611737,False,4.010359679611737,35,ALA,4.0362122683540615,35,ALA,CB,12.062430253818725,False,12.062430253818725,12,ALA,11.542293204410383,12,ALA,CB,2.5544761693712177,True,2.5544761693712177,18,GLY,2.5544761693712177,18,GLY,CA,15.954730376897272,False,15.969338395755061,35,ALA,14.690307732521127,38,ALA,CB,70-80,far,far,True,,True,True,False,,70-80|O8:far|B88:far,61,10
frb_rap_binder_raphotspot_frb_rap_binder_raphotspot_2_model_7,71,3.794785326141959,0.016024365558458,3.76378282153964,3.8394641352772143,0,0.0,1.319359016387419,0.012382882151279785,1.2914729015954027,1.3536948818234709,0,0.0,0,3.9511859239900624,1,15,1,O13,1,2.5896828996620895,7,7;51,2,25:ARG;71:TYR,2,,0,7;15;51,3,0.04225352112676056,1,0,0,0,5.204673445305217,False,5.204673445305217,62,PHE,3.679536369402174,62,PHE,CB,11.589418511841236,False,11.589418511841236,15,ALA,11.220946030666601,18,LEU,CB,2.5896828996620895,True,2.5896828996620895,7,SER,2.760588422357512,7,SER,CB,13.80174750075323,False,13.80174750075323,18,LEU,12.600378094798685,18,LEU,CB,70-80,far,far,True,,True,True,False,,70-80|O8:far|B88:far,68,12
frb_rap_binder_raphotspot_frb_rap_binder_raphotspot_3_model_0,75,3.797031435188385,0.013910118957689808,3.7710240681253366,3.833297761505986,0,0.0,1.3205973407671245,0.01502591457145691,1.28909113129482,1.3772658673885323,0,0.0,0,3.857708869122379,3,16;35,2,C4;C43,2,2.638857530075371,16,5;6;9;10;14;36;61,7,23:GLY;25:ARG;27:VAL;71:TYR;77:VAL;88:TYR,6,,0,5;6;9;10;14;16;35;36;61,9,0.12,2,0,0,0,4.513578620062673,False,4.513578620062673,20,ALA,3.0026162164250545,20,ALA,CB,4.799505608200449,False,5.638814768374719,39,ALA,5.20877455686933,38,ALA,CB,3.809797895993336,True,3.809797895993336,14,LYS,3.463254586389522,14,LYS,CB,3.7185518022909134,True,3.7185518022909134,36,PRO,2.199839410253233,36,PRO,CB,70-80,mid,near,True,,True,True,True,diversity,70-80|O8:mid|B88:near,20,1
frb_rap_binder_raphotspot_frb_rap_binder_raphotspot_3_model_1,75,3.7956299651580716,0.012430729153324655,3.7684646730471374,3.8234891483305535,0,0.0,1.3207531197927267,0.013108422682164821,1.2921990287466927,1.360625972297589,0,0.0,0,3.70431385092118,4,27;46,2,C41;C42;C43,3,2.381017297246807,11,50;53;54,3,25:ARG,1,,0,27;46;50;53;54,5,0.06666666666666667,2,0,0,0,4.591032665574643,False,4.591032665574643,31,ALA,3.097297496284174,31,ALA,CB,11.889324969969387,False,11.889324969969387,46,ALA,10.843278236994982,46,ALA,CB,2.381017297246807,True,2.381017297246807,54,GLY,2.381017297246807,54,GLY,CA,12.499297453220581,False,12.499297453220581,43,ALA,11.912147941435206,46,ALA,CB,70-80,far,far,True,,True,True,False,,70-80|O8:far|B88:far,57,7
frb_rap_binder_raphotspot_frb_rap_binder_raphotspot_3_model_2,75,3.7867839549233246,0.012864102587321671,3.7612591775573527,3.83532944174137,0,0.0,1.3135834331355338,0.013817999529120373,1.2776378266624067,1.3515335883171222,0,0.0,0,3.2179167008389387,10,3;12;13;60;64,5,C4;C41;C43;C5;O13;O3,6,2.95515922438318,5,20;71;75,3,25:ARG;71:TYR,2,,0,3;12;13;20;60;64;71;75,8,0.10666666666666667,3,0,0,0,3.9491030083554253,True,3.9491030083554253,60,ASN,3.635253693709631,60,ASN,CB,10.43838219915699,False,10.43838219915699,9,ALA,9.668341730401806,9,ALA,CB,3.480209469532075,True,3.480209469532075,20,ALA,2.0132056116601778,20,ALA,CB,5.0439622586412165,False,5.0439622586412165,2,ALA,4.7944060079862085,2,ALA,CB,70-80,far,near,True,,True,True,True,diversity,70-80|O8:far|B88:near,29,2
frb_rap_binder_raphotspot_frb_rap_binder_raphotspot_3_model_3,75,3.7894618498729544,0.01346799093428876,3.765359534772407,3.825885422008821,0,0.0,1.3170846710122492,0.016012939825168424,1.2790047161098876,1.3581062090701488,0,0.0,0,2.63660450169029,13,28;29;30;31;35,5,C10;C43;O3;O4;O6,5,2.6746676292308207,21,19;26;27;28;29;72,6,25:ARG;77:VAL;78:LYS;88:TYR,4,28;29,2,19;26;27;28;29;30;31;35;72,9,0.12,5,0,0,0,3.7878151942599363,True,3.7878151942599363,35,ALA,3.0620831256479732,35,ALA,CB,9.289006549830786,False,9.289006549830786,72,ILE,8.100550182743701,72,ILE,CB,3.088043902675119,True,3.088043902675119,19,ALA,3.5057776325755077,19,ALA,CB,3.8431439859043217,True,4.656745704694789,75,LEU,4.045518775023792,75,LEU,CB,70-80,far,near,True,,True,True,True,bridge,70-80|O8:far|B88:near,1,1
frb_rap_binder_raphotspot_frb_rap_binder_raphotspot_3_model_4,75,3.7932800524783983,0.01457582677465309,3.76809746913487,3.8385418698946423,0,0.0,1.3157747256054217,0.016813160564979304,1.2498329638951124,1.3491392298808722,0,0.0,0,3.714677520286009,1,10,1,C41,1,3.1605298058085767,5,12;13;16;20,4,25:ARG;77:VAL,2,,0,10;12;13;16;20,5,0.06666666666666667,1,0,0,0,5.014386064954774,False,5.014386064954774,33,ALA,4.853905610867304,33,ALA,CB,12.13629978813943,False,12.13629978813943,10,LEU,11.66329915092636,13,ALA,CB,3.1605298058085767,True,3.7977928969717625,16,ALA,2.419724132863341,16,ALA,CB,14.925669699710069,False,14.925669699710069,10,LEU,14.447946481868343,10,LEU,CB,70-80,far,far,True,,True,True,False,,70-80|O8:far|B88:far,58,8
frb_rap_binder_raphotspot_frb_rap_binder_raphotspot_3_model_5,75,3.7936453903314624,0.014923938638464872,3.759356529175073,3.84390318528136,0,0.0,1.3191757935708113,0.015433431863834581,1.2790848303467954,1.3493701323848841,0,0.0,0,3.3536159704110617,5,9;53;56,3,C41;C43;O2,3,3.3837146720728626,2,16;64,2,25:ARG,1,,0,9;16;53;56;64,5,0.06666666666666667,2,0,0,0,5.612205267133233,False,5.848510214853533,9,ALA,5.0174430420311955,8,LEU,CB,11.239819208215604,False,11.239819208215604,53,ALA,10.293331658670443,56,ALA,CB,3.5880874398264995,True,3.5880874398264995,64,ALA,2.347928223666827,64,ALA,CB,10.555980481266172,False,10.555980481266172,53,ALA,9.381970704726818,53,ALA,CB,70-80,far,far,True,,True,True,False,,70-80|O8:far|B88:far,56,6
frb_rap_binder_raphotspot_frb_rap_binder_raphotspot_3_model_6,75,3.792487745447879,0.01379310842656195,3.763211811287344,3.8280338528194053,0,0.0,1.3164185634716405,0.013291557462331953,1.2810340009423362,1.3520636146435707,0,0.0,0,2.937848263464789,14,23;27;28;59;62;63,6,C40;C43;O12;O13;O3,5,3.4205493218271097,1,65,1,25:ARG,1,,0,23;27;28;59;62;63;65,7,0.09333333333333334,1,0,0,0,3.6777090994922057,True,4.023359419432833,59,GLU,3.0104663221553567,62,ALA,CB,8.92283240997135,False,8.957290464154141,27,GLY,8.957290464154141,27,GLY,CA,3.4205493218271097,True,3.4205493218271097,65,ALA,2.993645428820601,65,ALA,CB,13.589728417684995,False,13.632622374672863,28,TYR,12.307593211218968,28,TYR,CB,70-80,far,far,True,,True,True,True,diversity,70-80|O8:far|B88:far,37,3
frb_rap_binder_raphotspot_frb_rap_binder_raphotspot_3_model_7,75,3.790330429500803,0.014177062781228945,3.767196607782357,3.837667131354094,0,0.0,1.3140395373784208,0.013855372889964811,1.2821563785891366,1.3459192016234125,0,0.0,0,3.2728518364337624,7,12;39;40,3,C41;C43;O3,3,1.873875059748203,20,16;19;20;28;33,5,23:GLY;25:ARG,2,,0,12;16;19;20;28;33;39;40,8,0.10666666666666667,3,0,1,1,3.2728518364337624,True,3.2728518364337624,40,ALA,3.4376141277561407,43,ALA,CB,11.634092614592836,False,11.634092614592836,12,ASN,11.163116522457907,12,ASN,CB,1.873875059748203,True,1.873875059748203,20,PHE,2.809134502608951,20,PHE,CB,7.016677933809275,False,7.048892353114495,2,PRO,5.873626929714403,2,PRO,CB,70-80,far,mid,False,target_clash,True,False,False,,70-80|O8:far|B88:mid,,
frb_rap_binder_raphotspot_frb_rap_binder_raphotspot_4_model_0,54,3.7902169171501354,0.011831043569505728,3.765192990517545,3.821913711367165,0,0.0,1.3140317784649622,0.016666281076194375,1.256379913622984,1.3679442693824557,0,0.0,0,3.142204447688431,3,34,1,C43,1,3.198484419754169,2,39,1,25:ARG,1,,0,34;39,2,0.037037037037037035,1,0,0,0,4.809917000010284,False,5.049415399208558,37,VAL,4.009027573636115,37,VAL,CB,12.604827340252928,False,12.758006228077862,42,VAL,11.548901538504273,45,ALA,CB,3.198484419754169,True,3.198484419754169,39,ALA,3.424687236734721,39,ALA,CB,15.117787187815244,False,15.117787187815244,38,ALA,13.941982066063938,41,TYR,CB,50-59,far,far,True,,True,True,False,,50-59|O8:far|B88:far,69,13
frb_rap_binder_raphotspot_frb_rap_binder_raphotspot_4_model_1,54,3.7876516979752672,0.013384344405918938,3.7645719703675473,3.8206198342184803,0,0.0,1.3151075467616484,0.01484871470997611,1.28067659123128,1.3438380016139782,0,0.0,0,3.6937401961807503,5,22;23;50,3,C3;C43;O2,3,2.7750194841022737,6,45;53,2,25:ARG;78:LYS,2,,0,22;23;45;50;53,5,0.09259259259259259,2,0,0,0,5.416116807888991,False,5.416116807888991,50,ALA,4.924901904096452,50,ALA,CB,7.371908399136052,False,7.371908399136052,30,ALA,6.511860826061349,30,ALA,CB,2.7750194841022737,True,3.164835522293113,45,ALA,3.3173794719462784,45,ALA,CB,10.003310896733238,False,10.003310896733238,26,LEU,9.193466344245644,26,LEU,CB,50-59,mid,far,True,,True,True,True,diversity,50-59|O8:mid|B88:far,38,3
frb_rap_binder_raphotspot_frb_rap_binder_raphotspot_4_model_2,54,3.793250582826423,0.017067959450401234,3.76488522969533,3.868482345981075,0,0.0,1.3198470664344368,0.014080881097324463,1.2840242338971188,1.348072181443605,0,0.0,0,3.7033003542656604,2,39;43,2,C3,1,4.355090764816931,0,,0,,0,,0,39;43,2,0.037037037037037035,0,0,0,0,4.311829371399319,False,4.907224209433851,43,ALA,3.944589748048911,29,ALA,CB,12.502824589570544,False,12.502824589570544,39,ALA,11.299684300534834,39,ALA,CB,4.355090764816931,False,4.355090764816931,27,LEU,4.130584166979901,27,LEU,CB,10.796398833294825,False,10.796398833294825,39,ALA,9.34174183258954,39,ALA,CB,50-59,far,far,False,no_FRB_contact,True,False,False,,50-59|O8:far|B88:far,,
frb_rap_binder_raphotspot_frb_rap_binder_raphotspot_4_model_3,54,3.788583729161766,0.011683846916981532,3.769255880406819,3.8249421413844122,0,0.0,1.3134865305857504,0.012126433347872397,1.2878770773154473,1.3456285914007888,0,0.0,0,3.5656444455903196,4,26;43,2,C40;O13;O3,3,4.078286903132036,0,,0,,0,,0,26;43,2,0.037037037037037035,0,0,0,0,3.8642574873770106,True,3.8642574873770106,43,THR,3.6049798818548475,43,THR,CB,10.850670943108362,False,10.850670943108362,30,GLN,10.64976087849579,30,GLN,CB,4.12078749323007,False,4.12078749323007,19,ALA,3.7844997456909324,22,SER,CB,11.956478582090275,False,12.38958203244607,33,PRO,11.327000705400865,33,PRO,CB,50-59,far,far,False,no_FRB_contact,True,False,False,,50-59|O8:far|B88:far,,
frb_rap_binder_raphotspot_frb_rap_binder_raphotspot_4_model_4,54,3.786071587963596,0.011300821053793077,3.7667777961305777,3.8237893113812778,0,0.0,1.312235184258792,0.013212285675244698,1.2820987467117355,1.3496038653455933,0,0.0,0,3.0750913233057933,5,24;41;49,3,C3;C43;O13,3,2.4209710697243283,8,28;29,2,25:ARG,1,,0,24;28;29;41;49,5,0.09259259259259259,2,0,0,0,5.101235744868819,False,5.101235744868819,19,ALA,3.751321298350238,19,ALA,CB,8.767825987824288,False,8.798378152240346,41,ALA,7.572063807221202,41,ALA,CB,2.4209710697243283,True,2.4209710697243283,29,ALA,3.061770492787384,32,ALA,CB,10.536371516707241,False,10.536371516707241,45,LEU,9.347138130879106,45,LEU,CB,50-59,mid,far,True,,True,True,False,,50-59|O8:mid|B88:far,39,4
frb_rap_binder_raphotspot_frb_rap_binder_raphotspot_4_model_5,54,3.788979718920587,0.013829719829362198,3.7648818096715053,3.8393116950121198,0,0.0,1.312791808987957,0.012497079753647696,1.2707399076176409,1.3396171244672896,0,0.0,0,3.704959323592896,1,36,1,O3,1,3.379557631706743,4,15;16,2,25:ARG,1,,0,15;16;36,3,0.05555555555555555,1,0,0,0,3.704959323592896,True,3.704959323592896,36,ALA,3.341315991610569,36,ALA,CB,13.000004249048501,False,13.000004249048501,13,ASP,12.474167963075024,13,ASP,CB,3.379557631706743,True,3.379557631706743,16,THR,2.770488809986397,19,ALA,CB,15.707126240219651,False,15.707126240219651,36,ALA,15.121483697070255,39,ALA,CB,50-59,far,far,True,,True,True,False,,50-59|O8:far|B88:far,62,9
frb_rap_binder_raphotspot_frb_rap_binder_raphotspot_4_model_6,54,3.7891371493132437,0.013118503195150155,3.7645684182489836,3.827195984208196,0,0.0,1.3164813877617698,0.011507127362806933,1.284565070155751,1.3480648877173385,0,0.0,0,3.665432181473793,3,25;29,2,O3,1,2.4659023132942233,13,12;13,2,25:ARG,1,,0,12;13;25;29,4,0.07407407407407407,2,0,0,0,3.665432181473793,True,3.9715967208640732,29,LEU,3.759214718046877,29,LEU,CB,10.5109363167109,False,10.5109363167109,36,GLN,9.301669623561525,36,GLN,CB,2.4659023132942233,True,2.9584887384168104,13,ASN,2.7269237131589947,12,ALA,CB,12.53146073547827,False,12.53146073547827,32,ALA,11.348641178922573,32,ALA,CB,50-59,far,far,True,,True,True,False,,50-59|O8:far|B88:far,52,8
frb_rap_binder_raphotspot_frb_rap_binder_raphotspot_4_model_7,54,3.788614453316675,0.013156371670797804,3.7656580897394103,3.8276615052170033,0,0.0,1.315275033545436,0.014309211884110046,1.2911655392378032,1.3773882520729626,0,0.0,0,2.8386000511919316,23,22;23;24;42;43;46;47,7,C1;C2;C39;C40;C43;C49;C52;O12;O13;O2;O3,11,3.1038898464849383,17,17;21;22;48;49;53,6,23:GLY;24:GLU;25:ARG,3,22,1,17;21;22;23;24;42;43;46;47;48;49;53,12,0.2222222222222222,6,0,0,0,3.230756541281566,True,3.230756541281566,43,SER,3.9204060293712053,43,SER,CB,9.717176608492142,False,10.489461702755577,24,ALA,9.761746358781208,24,ALA,CB,3.222863534919186,True,3.222863534919186,17,ALA,1.8130502841698848,17,ALA,CB,13.448466947420208,False,13.797017317083133,42,LYS,12.60840345651429,42,LYS,CB,50-59,far,far,True,,True,True,True,bridge,50-59|O8:far|B88:far,2,1
frb_rap_binder_raphotspot_frb_rap_binder_raphotspot_5_model_0,62,3.7889852182510277,0.01271505114178934,3.752018557503182,3.825817213492024,0,0.0,1.3136577702955283,0.014942015765054025,1.2753117647654704,1.3380225126021945,0,0.0,0,3.4926116987809612,9,14;26;29;30,4,C43;O13;O3,3,1.9442167261294971,9,6;7,2,25:ARG,1,,0,6;7;14;26;29;30,6,0.0967741935483871,2,0,1,1,3.553788557380482,True,4.019194259622766,29,ALA,2.9981876310679443,29,ALA,CB,11.357195278590014,False,11.357195278590014,14,ALA,10.443096961852387,17,GLN,CB,1.9442167261294971,True,2.2885436131858707,6,ALA,2.3878607739276676,6,ALA,CB,13.854570160665347,False,13.854570160665347,17,GLN,12.83327922403898,17,GLN,CB,60-69,far,far,False,target_clash,True,False,False,,60-69|O8:far|B88:far,,
frb_rap_binder_raphotspot_frb_rap_binder_raphotspot_5_model_1,62,3.7948777912320706,0.014919885785322565,3.77132663235685,3.8346723290717293,0,0.0,1.316877716846955,0.011797732292142909,1.285159132492428,1.3576542448529114,0,0.0,0,3.348257113867433,4,10;14;45,3,O13;O3,2,2.6236754687093073,15,51;54;55;59;60,5,25:ARG;71:TYR,2,,0,10;14;45;51;54;55;59;60,8,0.12903225806451613,3,0,0,0,3.738592641211639,True,3.738592641211639,45,GLN,3.436090418173091,48,ALA,CB,4.463381874953503,False,4.463381874953503,9,ALA,3.432943505234009,9,ALA,CB,3.3673925945996332,True,3.462065529943993,51,LEU,3.5232906718519206,51,LEU,CB,4.139682700853471,False,4.791581086243037,2,ASP,4.576303039092692,2,ASP,CB,60-69,near,near,True,,True,True,True,diversity,60-69|O8:near|B88:near,14,2
frb_rap_binder_raphotspot_frb_rap_binder_raphotspot_5_model_2,62,3.7899948064335764,0.011248255223812651,3.7676393474751735,3.8148973610426693,0,0.0,1.3148591778421477,0.013712497432135321,1.2795752897506465,1.347167920470198,0,0.0,0,3.2271252454439274,8,24;25;26;49,4,C41;C43;O13;O3,4,3.2961653941047913,3,56;60,2,71:TYR;77:VAL,2,,0,24;25;26;49;56;60,6,0.0967741935483871,2,0,0,0,3.337522414890138,True,3.337522414890138,49,ALA,3.161320049168369,49,ALA,CB,6.771204417639969,False,6.814176121617187,25,SER,7.116408795270687,26,THR,CB,4.462963041551409,False,5.036353540629892,55,ALA,3.531171284534729,55,ALA,CB,10.013388474460932,False,10.057228517394533,26,THR,8.718097388702768,26,THR,CB,60-69,mid,far,True,,True,True,True,diversity,60-69|O8:mid|B88:far,36,2
frb_rap_binder_raphotspot_frb_rap_binder_raphotspot_5_model_3,62,3.7901602298663137,0.013811026856087162,3.762928553444538,3.825332297431842,0,0.0,1.317287916854886,0.013404342797824133,1.288159480304965,1.3504559082389662,0,0.0,0,3.1495239743684826,14,2;3;8;11;12;45;49,7,C3;C4;C42;O10;O13;O8;O9,7,3.3626580710008684,4,51;52,2,25:ARG,1,,0,2;3;8;11;12;45;49;51;52,9,0.14516129032258066,2,0,0,0,6.045924072382773,False,6.045924072382773,15,VAL,4.544682175037059,15,VAL,CB,3.1495239743684826,True,3.1495239743684826,2,PRO,3.2810006143432977,2,PRO,CB,3.3626580710008684,True,3.571052137766269,52,VAL,3.6063682236698584,51,ALA,CB,6.883477153145876,False,7.0963168582037985,5,ASP,6.107496170242431,8,LEU,CB,60-69,near,mid,True,,True,True,True,diversity,60-69|O8:near|B88:mid,10,1
frb_rap_binder_raphotspot_frb_rap_binder_raphotspot_5_model_4,62,3.7931645520382715,0.012479295088467497,3.771885940936079,3.8268125166450555,0,0.0,1.3161590265409244,0.015145954514983438,1.267006192770584,1.3430138530969258,0,0.0,0,3.2236509279290293,5,46;47,2,C8;O3;O4,3,2.2750668482107597,8,10;11,2,25:ARG,1,,0,10;11;46;47,4,0.06451612903225806,2,0,0,0,3.4495998404126205,True,3.4495998404126205,47,ALA,3.059412286117654,47,ALA,CB,13.277216972155665,False,13.277216972155665,14,ALA,12.70754550032063,17,LEU,CB,2.2750668482107597,True,2.2750668482107597,11,ALA,2.49686509144617,11,ALA,CB,13.750248537653311,False,14.046389248586626,46,ALA,12.838221474931341,46,ALA,CB,60-69,far,far,True,,True,True,False,,60-69|O8:far|B88:far,59,12
frb_rap_binder_raphotspot_frb_rap_binder_raphotspot_5_model_5,62,3.795900392205238,0.015431125651863272,3.7647659236971025,3.83781436206898,0,0.0,1.3223765539710286,0.014394488643156652,1.293506791957526,1.354985458740091,0,0.0,0,3.728669144387489,8,14;15;36;46;47,5,C43;O13;O8,3,3.4581955130132545,8,3;8;50;53;54,5,25:ARG;71:TYR,2,,0,3;8;14;15;36;46;47;50;53;54,10,0.16129032258064516,5,0,0,0,4.282090358066198,False,4.282090358066198,18,ALA,2.814159041078114,18,ALA,CB,3.7383607385944395,True,4.451489037345904,36,VAL,4.3305865375687205,36,VAL,CB,3.664711583981626,True,3.764518373387377,54,ALA,3.153516080254796,53,ALA,CB,4.027575889264037,False,4.711915412290102,35,LEU,4.210102363153893,35,LEU,CB,60-69,near,near,True,,True,True,True,diversity,60-69|O8:near|B88:near,8,1
frb_rap_binder_raphotspot_frb_rap_binder_raphotspot_5_model_6,62,3.7901475650521403,0.014031150307791044,3.7645641437405484,3.836965676201983,0,0.0,1.3114187545420568,0.01422152524238965,1.2761880879064174,1.350574930547702,0,0.0,0,3.395329874267792,6,47;51,2,C43;O3,2,2.246888438205736,10,21;25;58,3,25:ARG;71:TYR,2,,0,21;25;47;51;58,5,0.08064516129032258,2,0,0,0,3.564475650553761,True,3.623099906139104,47,ASP,3.429496534558592,47,ASP,CB,12.155818766849643,False,12.444805197639607,32,ALA,11.294024465084135,32,ALA,CB,2.246888438205736,True,2.246888438205736,25,ALA,1.545312250394518,25,ALA,CB,15.055801708311451,False,15.135087572870495,47,ASP,14.353205467917665,35,PHE,CB,60-69,far,far,True,,True,True,False,,60-69|O8:far|B88:far,46,10
frb_rap_binder_raphotspot_frb_rap_binder_raphotspot_5_model_7,62,3.793217395335223,0.01388073832692624,3.7687895316057918,3.8505507962292045,0,0.0,1.3215423991360173,0.016660577039337772,1.2681344493200404,1.372125531783081,0,0.0,0,3.5899426180824516,4,50;53;54,3,C43,1,2.9057552552323482,6,9;46;47,3,25:ARG,1,,0,9;46;47;50;53;54,6,0.0967741935483871,3,0,0,0,4.436928645667682,False,4.436928645667682,54,ALA,4.202351589574549,54,ALA,CB,13.173723895279844,False,13.39887550063176,16,PHE,12.107334162783173,16,PHE,CB,3.5478611421065254,True,3.5478611421065254,9,LYS,3.4417774768861378,9,LYS,CB,12.329223858132362,False,12.329223858132362,20,LYS,11.501710932309386,20,LYS,CB,60-69,far,far,True,,True,True,False,,60-69|O8:far|B88:far,35,4
frb_rap_binder_raphotspot_frb_rap_binder_raphotspot_6_model_0,67,3.7900886196691745,0.012231638048210942,3.7677925161273307,3.8376160091905875,0,0.0,1.3162381491546236,0.01925087917569256,1.250176427956907,1.4001557828468372,0,0.0,0,3.8395816547606842,4,59;60,2,C40;C41;O13,3,2.1258170859782366,10,45;53;54;57,4,25:ARG;77:VAL,2,,0,45;53;54;57;59;60,6,0.08955223880597014,2,0,0,0,4.372828675638621,False,4.372828675638621,36,ALA,3.461409428260357,36,ALA,CB,11.72885798531137,False,11.72885798531137,60,ALA,10.971617087154481,63,ALA,CB,2.1258170859782366,True,2.843803320631942,53,ALA,3.1793108648871393,53,ALA,CB,15.159919575321943,False,15.159919575321943,56,VAL,13.906737615831268,59,ALA,CB,60-69,far,far,True,,True,True,False,,60-69|O8:far|B88:far,45,9
frb_rap_binder_raphotspot_frb_rap_binder_raphotspot_6_model_1,67,3.792865370329398,0.013098220236476332,3.7596303015813373,3.8342016053897976,0,0.0,1.3177327918771171,0.010998830010966028,1.296863493430577,1.346666584322355,0,0.0,0,2.9423419033302944,13,30;34;35;38,4,C1;C2;C42;C43;C8;O2;O3,7,3.108307637131164,9,27;28;32;61,4,25:ARG;77:VAL,2,,0,27;28;30;32;34;35;38;61,8,0.11940298507462686,4,0,0,0,2.9423419033302944,True,2.9423419033302944,34,GLY,2.9423419033302944,34,GLY,CA,12.199003684102887,False,12.199003684102887,54,LEU,10.932992357789333,38,ALA,CB,3.108307637131164,True,3.108307637131164,61,ALA,2.0430949754771044,61,ALA,CB,12.676107872687941,False,12.676107872687941,38,ALA,11.875893475144512,38,ALA,CB,60-69,far,far,True,,True,True,True,diversity,60-69|O8:far|B88:far,22,1
frb_rap_binder_raphotspot_frb_rap_binder_raphotspot_6_model_2,67,3.7922083066466787,0.014551912374503815,3.768306978358841,3.8386752400648447,0,0.0,1.3207924281571135,0.01724605075952753,1.2910461748973536,1.3820510529277164,0,0.0,0,3.751463618251566,3,56;60,2,O2,1,1.9537024011965078,53,26;27;28;29;30;32;33;34;64;67,10,21:TYR;25:ARG;27:VAL;71:TYR;75:GLY;77:VAL;88:TYR;92:ARG,8,,0,26;27;28;29;30;32;33;34;56;60;64;67,12,0.1791044776119403,2,0,1,1,5.566694179524465,False,5.899077030930887,13,LEU,4.518393217754161,13,LEU,CB,7.094505384359643,False,7.533880478719394,61,ALA,6.329049793054281,64,ALA,CB,1.9537024011965078,True,3.1261238448859827,34,ASP,2.7341566858073993,34,ASP,CB,2.8105380063954106,True,2.8105380063954106,64,ALA,3.214908351409172,64,ALA,CB,60-69,mid,near,False,target_clash,True,False,False,,60-69|O8:mid|B88:near,,
frb_rap_binder_raphotspot_frb_rap_binder_raphotspot_6_model_3,67,3.7892179184146326,0.015041555156547304,3.760089887510785,3.8326725685776877,0,0.0,1.3166494181322879,0.015184185379587822,1.2818398874142776,1.3469816159923405,0,0.0,0,2.7536871500278433,21,25;27;50;51;54;55,6,C1;C11;C2;C43;C49;C52;O12;O13;O2;O3,10,3.584758492172244,5,25;57;65,3,19:ARG;25:ARG;71:TYR,3,25,1,25;27;50;51;54;55;57;65,8,0.11940298507462686,3,0,0,0,3.5881511053407205,True,3.5881511053407205,51,THR,3.880035189294038,54,GLY,CA,6.506066103767749,False,7.392943241240707,26,ASN,7.234566540614127,26,ASN,CB,3.8614104066760526,True,3.882457840685591,57,VAL,4.238699101351604,56,LEU,CB,13.22627489271134,False,13.465616763604462,50,ALA,12.27565373830621,50,ALA,CB,60-69,mid,far,True,,True,True,True,bridge,60-69|O8:mid|B88:far,5,1
frb_rap_binder_raphotspot_frb_rap_binder_raphotspot_6_model_4,67,3.7894803737060236,0.012968566810960248,3.767857381801887,3.824982357126348,0,0.0,1.3169166937200973,0.014718120650595568,1.286589023999996,1.3500047709885468,0,0.0,0,3.8270752133748522,1,7,1,C42,1,2.380615412161519,7,9;10,2,25:ARG,1,,0,7;9;10,3,0.04477611940298507,1,0,0,0,5.674024261683571,False,5.674024261683571,33,ALA,4.202382900461552,33,ALA,CB,12.304483035947284,False,12.421155892068908,7,ALA,11.937833063323955,3,ALA,CB,2.380615412161519,True,3.020795913617171,10,THR,2.9323250528089475,13,ALA,CB,15.042162767994109,False,15.042162767994109,7,ALA,14.387520552182146,7,ALA,CB,60-69,far,far,True,,True,True,False,,60-69|O8:far|B88:far,66,13
frb_rap_binder_raphotspot_frb_rap_binder_raphotspot_6_model_5,67,3.788212773813879,0.014414651414853256,3.760276167334492,3.8251894492485476,0,0.0,1.3114584619776641,0.015997591984706613,1.247397007746406,1.3550013895655468,0,0.0,0,3.7575302067768463,5,15;24;54,3,C40;C43;O10;O13;O3,5,2.9302358424585897,4,60;65,2,25:ARG;71:TYR,2,,0,15;24;54;60;65,5,0.07462686567164178,2,0,0,0,3.8270531648707062,True,3.8270531648707062,54,ALA,3.8566267007552972,54,ALA,CB,4.252593700384101,False,5.879892583973319,25,ALA,6.121186612552344,23,GLY,CA,4.791945985346184,False,4.791945985346184,60,ALA,3.442559815237535,60,ALA,CB,7.154643911696699,False,7.2061015908992045,26,PRO,5.794109624491928,26,PRO,CB,60-69,mid,mid,True,,True,True,True,diversity,60-69|O8:mid|B88:mid,50,1
frb_rap_binder_raphotspot_frb_rap_binder_raphotspot_6_model_6,67,3.791139282402896,0.01557431488761834,3.766169521329651,3.828363650951195,0,0.0,1.3164804093659517,0.013169258793847043,1.2835283585752124,1.3478499697549917,0,0.0,0,2.154107580376774,6,21;22;53,3,C40;O13;O3,3,3.6140755695851534,7,18;55;59,3,23:GLY;24:GLU;25:ARG,3,,0,18;21;22;53;55;59,6,0.08955223880597014,3,0,0,0,3.5922120606208003,True,3.5922120606208003,53,ALA,3.5501839940559266,53,ALA,CB,9.067893747350524,False,9.2194378897442,21,GLY,9.121441942537823,22,TYR,CB,3.6140755695851534,True,3.6140755695851534,59,GLY,3.6140755695851534,59,GLY,CA,13.863841562237772,False,14.024956169689302,22,TYR,12.742302700496804,22,TYR,CB,60-69,far,far,True,,True,True,False,,60-69|O8:far|B88:far,41,5
frb_rap_binder_raphotspot_frb_rap_binder_raphotspot_6_model_7,67,3.7908832355071933,0.013657411130621628,3.768548903555618,3.8281242160184035,0,0.0,1.3173155810016308,0.012442847113645416,1.2876104775017463,1.349329311762668,0,0.0,0,3.300644771282334,6,30;33;34;51,4,C3;C43;O2;O3,4,2.5385561018660288,6,55;56,2,25:ARG,1,,0,30;33;34;51;55;56,6,0.08955223880597014,2,0,0,0,3.5888216135623137,True,4.166527485493772,33,ALA,3.5317979016053407,33,ALA,CB,9.701594315149016,False,9.701594315149016,26,ALA,8.639780325289,26,ALA,CB,2.5385561018660288,True,2.5385561018660288,56,ALA,3.2948364878232503,56,ALA,CB,11.883985994814342,False,11.883985994814342,30,ALA,10.816591929375628,30,ALA,CB,60-69,far,far,True,,True,True,False,,60-69|O8:far|B88:far,43,7
frb_rap_binder_raphotspot_frb_rap_binder_raphotspot_7_model_0,72,3.7935282374969703,0.014200005384883889,3.7653381096474354,3.8438667579784127,0,0.0,1.3160281188810432,0.013614204941484352,1.276429447890972,1.3523545262718653,0,0.0,0,2.061646236164859,13,3;30;31;56;60,5,C40;C41;C43;O12;O13;O2;O3,7,2.949220259054641,12,2;5;6;67,4,23:GLY;24:GLU;25:ARG;71:TYR,4,,0,2;3;5;6;30;31;56;60;67,9,0.125,4,0,0,0,3.3793016327018752,True,3.3793016327018752,56,ALA,3.6271073929037945,56,ALA,CB,7.436000732650209,False,7.436000732650209,31,ALA,6.539336846452456,31,ALA,CB,3.664098648430952,True,3.762381979372585,6,PHE,3.168522981712004,9,ALA,CB,9.7313839920286,False,10.292326366959076,33,SER,9.130966414699527,31,ALA,CB,70-80,mid,far,True,,True,True,True,diversity,70-80|O8:mid|B88:far,16,2
frb_rap_binder_raphotspot_frb_rap_binder_raphotspot_7_model_1,72,3.789305736998039,0.011564138117374041,3.760187067120461,3.8084613179940128,0,0.0,1.3142221710750477,0.015965173468951904,1.2789059224940442,1.3605463081940588,0,0.0,0,3.8609231995225626,3,43;44;57,3,C41;C42;C43,3,2.9945425270050916,13,39;40;68;69,4,23:GLY;25:ARG;27:VAL;71:TYR,4,,0,39;40;43;44;57;68;69,7,0.09722222222222222,3,0,0,0,4.775651475507923,False,4.775651475507923,57,ALA,3.9198753202634404,50,ALA,CB,12.136561874481936,False,12.136561874481936,44,ALA,11.75925712844571,47,ALA,CB,2.9945425270050916,True,2.9961078458344583,39,ALA,2.9396274281344836,39,ALA,CB,14.111036426760245,False,14.111036426760245,47,ALA,13.033586335661848,47,ALA,CB,70-80,far,far,True,,True,True,True,diversity,70-80|O8:far|B88:far,34,2
frb_rap_binder_raphotspot_frb_rap_binder_raphotspot_7_model_2,72,3.789897738027927,0.015118463701389402,3.7629392812378786,3.830773847161712,0,0.0,1.3151609605392602,0.018123998002872767,1.2727670841922978,1.3807532314905884,0,0.0,0,3.6098970673328568,3,21;22,2,O4,1,3.1925420821496684,5,60;63;64,3,25:ARG,1,,0,21;22;60;63;64,5,0.06944444444444445,2,0,0,0,5.0401172997008326,False,5.0401172997008326,18,VAL,3.7884257279893316,21,ALA,CB,12.137284355273874,False,12.137284355273874,57,GLU,11.7333273917581,57,GLU,CB,3.1925420821496684,True,3.1962158647369936,63,GLY,3.1962158647369936,63,GLY,CA,14.211855379365906,False,14.211855379365906,22,ASN,13.460847594687275,22,ASN,CB,70-80,far,far,True,,True,True,False,,70-80|O8:far|B88:far,55,5
frb_rap_binder_raphotspot_frb_rap_binder_raphotspot_7_model_3,72,3.792584831930093,0.014974664060800136,3.7626248881238493,3.8244697828221113,0,0.0,1.318106563503858,0.015222510100495518,1.2677724698674169,1.3547782457470294,0,0.0,0,3.1463509773334866,19,37;40;41;45;55;58;59;62;66,9,C3;C40;C41;C42;C43;O12;O13;O2,8,2.8418701207231054,20,60;63;64;67,4,22:PHE;23:GLY;25:ARG,3,,0,37;40;41;45;55;58;59;60;62;63;64;66;67,13,0.18055555555555555,4,0,0,0,4.518521576152489,False,4.706875388129883,58,ALA,3.683793287161792,58,ALA,CB,7.500120186877357,False,7.627935079997725,37,ALA,6.383420491702138,37,ALA,CB,2.8418701207231054,True,2.8418701207231054,63,GLY,2.8418701207231054,63,GLY,CA,10.763717071866825,False,10.763717071866825,41,ILE,9.351157724497112,41,ILE,CB,70-80,mid,far,True,,True,True,True,diversity,70-80|O8:mid|B88:far,6,1
frb_rap_binder_raphotspot_frb_rap_binder_raphotspot_7_model_4,72,3.79502367480612,0.013110038102142462,3.7679681978158683,3.842094466764848,0,0.0,1.319294150032078,0.01512786321066232,1.2947688544549096,1.3678774908384626,0,0.0,0,2.762272402215477,8,16;43;47,3,C41;C43;O13,3,1.5070697494433396,24,15;19;20;22;27;30;31;32,8,25:ARG;77:VAL;78:LYS,3,,0,15;16;19;20;22;27;30;31;32;43;47,11,0.1527777777777778,3,0,1,1,5.678204219642479,False,5.83276542623517,16,ALA,4.6634978770528335,16,ALA,CB,7.83235301275844,False,7.976852499039202,44,ALA,7.127103473781174,43,PRO,CB,1.5070697494433396,True,1.5070697494433396,31,GLY,1.5070697494433396,31,GLY,CA,11.502273821993844,False,11.502273821993844,47,LEU,10.251435293583578,47,LEU,CB,70-80,mid,far,False,target_clash,True,False,False,,70-80|O8:mid|B88:far,,
frb_rap_binder_raphotspot_frb_rap_binder_raphotspot_7_model_5,72,3.78900632817819,0.012204349436728731,3.7607941350470226,3.814412204224176,0,0.0,1.3150374913724812,0.012346435437517412,1.2891425176532842,1.3576891567800051,0,0.0,0,3.5994746963678157,5,53;60,2,C40;C41;C42;C43,4,1.6699080659696148,30,54;57;58;59;61,5,22:PHE;23:GLY;25:ARG,3,,0,53;54;57;58;59;60;61,7,0.09722222222222222,2,0,3,3,5.0034525749917265,False,5.548936001550689,56,VAL,4.117522868473167,56,VAL,CB,11.038528625859525,False,11.038528625859525,28,LYS,9.883142508190263,28,LYS,CB,1.6699080659696148,True,1.8125495396911775,58,ALA,2.842964412800028,58,ALA,CB,12.71957554478869,False,12.71957554478869,32,LEU,11.45385818975435,32,LEU,CB,70-80,far,far,False,target_clash,True,False,False,,70-80|O8:far|B88:far,,
frb_rap_binder_raphotspot_frb_rap_binder_raphotspot_7_model_6,72,3.7955861554958927,0.014941341371849274,3.7636008837246933,3.843872217184693,0,0.0,1.316446583997443,0.013599545886212688,1.2860832038395695,1.3578667065748757,0,0.0,0,3.5922725394677966,6,34;38;61,3,C41;C42;C43,3,2.5945432131998607,20,42;45;54;57;58,5,25:ARG;71:TYR;77:VAL,3,,0,34;38;42;45;54;57;58;61,8,0.1111111111111111,3,0,0,0,4.283115136102933,False,4.283115136102933,34,ASN,3.9395348152000396,34,ASN,CB,11.541486943825149,False,11.541486943825149,65,GLN,10.151023267281813,65,GLN,CB,2.5945432131998607,True,3.142424749603236,57,ALA,2.2364866695198544,57,ALA,CB,12.931928750363822,False,12.931928750363822,65,GLN,12.19376810400078,65,GLN,CB,70-80,far,far,True,,True,True,True,diversity,70-80|O8:far|B88:far,26,1
frb_rap_binder_raphotspot_frb_rap_binder_raphotspot_7_model_7,72,3.7911073600412744,0.01358192282684131,3.7677363116955225,3.8283094454827036,0,0.0,1.3150306689412297,0.014033735455081643,1.2796935133942227,1.3539816180700974,0,0.0,0,2.862697727190814,23,32;34;35;36;58;61;62,7,C39;C40;C43;C52;O10;O12;O13;O3,8,2.895718233138572,11,32;64;68,3,19:ARG;25:ARG;71:TYR,3,32,1,32;34;35;36;58;61;62;64;68,9,0.125,3,0,0,0,3.268308444851095,True,3.268308444851095,58,ALA,3.8605992423121958,58,ALA,CB,4.753468542803199,False,4.753468542803199,35,THR,4.654172293630707,35,THR,CB,3.591057016770668,True,3.591057016770668,64,ALA,3.5810033205528433,1,ALA,CB,8.8292435000851,False,9.270474414974856,36,ALA,8.30588156041552,36,ALA,CB,70-80,near,far,True,,True,True,True,bridge,70-80|O8:near|B88:far,4,1
frb_rap_binder_raphotspot_frb_rap_binder_raphotspot_8_model_0,67,3.791603061488393,0.01466369742567806,3.740600858234335,3.8357414037277455,0,0.0,1.313610718840928,0.01763733843860994,1.2489589652791884,1.3494445985270973,0,0.0,0,3.6831654071224147,4,32;36;55,3,C40;C41;O3;O4,4,2.358429620194923,8,48;51;52,3,25:ARG,1,,0,32;36;48;51;52;55,6,0.08955223880597014,3,0,0,0,3.7107763963177636,True,4.482093583680632,32,ALA,3.8712536661327643,35,ALA,CB,11.616929442257083,False,11.616929442257083,55,ALA,10.645090172768361,58,ALA,CB,2.358429620194923,True,2.358429620194923,52,GLY,2.358429620194923,52,GLY,CA,14.652478071288481,False,14.652478071288481,32,ALA,13.464017373516114,32,ALA,CB,60-69,far,far,True,,True,True,False,,60-69|O8:far|B88:far,42,6
frb_rap_binder_raphotspot_frb_rap_binder_raphotspot_8_model_1,67,3.791890745403268,0.014010037617411396,3.7684320538507072,3.822603789794332,0,0.0,1.3160545338599583,0.014870957322874145,1.2728846946279777,1.349643967607165,0,0.0,0,3.174326524975495,11,12;31;32;38,4,C30;C43;C46;C48;O10;O13;O8,7,2.7881983717740124,8,1;5;6,3,25:ARG;71:TYR;77:VAL,3,,0,1;5;6;12;31;32;38,7,0.1044776119402985,3,0,0,0,4.665927384687675,False,4.747584576392296,13,LEU,3.5454958610308145,16,TYR,CB,3.740310376058416,True,4.3487954283414405,33,CYS,3.6737391731990354,33,CYS,CB,4.0770895789117425,False,4.0770895789117425,10,THR,3.7112147497904524,10,THR,CB,5.438851120610216,False,5.781034632079192,32,ALA,4.497527152951293,32,ALA,CB,60-69,near,near,True,,True,True,True,diversity,60-69|O8:near|B88:near,31,3
frb_rap_binder_raphotspot_frb_rap_binder_raphotspot_8_model_2,67,3.7875553613172515,0.013435310641035165,3.7637965241541953,3.831462121417672,0,0.0,1.3156715183585073,0.013853377672886072,1.2728252299118876,1.3502666753333912,0,0.0,0,3.2114077215467254,10,16;57;58;61,4,C41;C43;O13;O2,4,3.020969349664277,17,21;22;24;27,4,25:ARG;77:VAL;78:LYS,3,,0,16;21;22;24;27;57;58;61,8,0.11940298507462686,4,0,0,0,4.035067135921164,False,4.035067135921164,16,LEU,3.0633845491212144,16,LEU,CB,7.684922282362848,False,8.138677409800936,61,ALA,7.100744189529398,61,ALA,CB,3.807107102359905,True,4.3198350748815555,28,ALA,3.6647101566172053,31,GLU,CB,4.058943855667537,False,4.058943855667537,65,LEU,4.15422007389907,65,LEU,CB,60-69,mid,near,True,,True,True,True,diversity,60-69|O8:mid|B88:near,21,1
frb_rap_binder_raphotspot_frb_rap_binder_raphotspot_8_model_3,67,3.7906172105646343,0.01424649482927674,3.764852549848735,3.834877927060665,0,0.0,1.315465199234912,0.013057440679367842,1.283384307862613,1.3438416814001894,0,0.0,0,3.643613192361986,3,42;43,2,C43,1,2.0840383787532253,17,37;38;46,3,25:ARG;78:LYS,2,,0,37;38;42;43;46,5,0.07462686567164178,2,0,0,0,5.58337045266729,False,5.729990748853932,43,HIS,5.169470152675258,22,ALA,CB,10.048613690366864,False,10.56885768116883,25,THR,9.821538759306451,25,THR,CB,2.0840383787532253,True,2.0840383787532253,38,ALA,2.646412205602304,38,ALA,CB,12.11856902148729,False,12.11856902148729,25,THR,10.993278306563464,25,THR,CB,60-69,far,far,True,,True,True,False,,60-69|O8:far|B88:far,51,11
frb_rap_binder_raphotspot_frb_rap_binder_raphotspot_8_model_4,67,3.788607330130905,0.012360081135054626,3.7641790900116283,3.8196940996817323,0,0.0,1.3155279798680903,0.013946486222097992,1.2757355021006274,1.3367104250373643,0,0.0,0,3.0227133047633505,8,7;11,2,C40;C41;C42;O13,4,2.0935711256644804,22,20;23;24;30;31;32,6,25:ARG;77:VAL;78:LYS,3,,0,7;11;20;23;24;30;31;32,8,0.11940298507462686,2,0,0,0,6.425099161424469,False,6.425099161424469,33,ALA,5.61156934103027,33,ALA,CB,10.00497401343456,False,10.00497401343456,7,LEU,9.288087262395681,7,LEU,CB,2.505899970352444,True,2.505899970352444,24,PHE,2.6978438450486437,24,PHE,CB,10.436175695232413,False,10.687535890928736,4,ALA,9.690799485605401,3,ALA,CB,60-69,far,far,True,,True,True,True,diversity,60-69|O8:far|B88:far,23,2
frb_rap_binder_raphotspot_frb_rap_binder_raphotspot_8_model_5,67,3.786621570273243,0.013272689860553424,3.763913247849637,3.8289252395008777,0,0.0,1.3115507026702837,0.0140624526676366,1.2761397328039001,1.346450921821208,0,0.0,0,3.138574616183139,10,36;48;52;56,4,C40;C41;C42;C43;O13;O3,6,2.6442011845272915,6,49;50,2,25:ARG,1,,0,36;48;49;50;52;56,6,0.08955223880597014,2,0,0,0,3.9838029412319744,True,4.315806610324898,36,ALA,3.3843041417778688,36,ALA,CB,11.314789549689934,False,11.314789549689934,56,GLY,11.314789549689934,56,GLY,CA,2.6442011845272915,True,2.6442011845272915,50,ALA,2.9609314011901815,53,ALA,CB,14.564191892793062,False,14.665056193663611,52,ALA,13.45195720865507,52,ALA,CB,60-69,far,far,True,,True,True,False,,60-69|O8:far|B88:far,44,8
frb_rap_binder_raphotspot_frb_rap_binder_raphotspot_8_model_6,67,3.7904443620417974,0.010710461354520666,3.768017661930243,3.8121185372003454,0,0.0,1.3164880966669437,0.012836137193868306,1.2930980266701315,1.3571458084605346,0,0.0,0,3.0668753322931064,20,51;52;55;56,4,C1;C11;C2;C3;C43;O2;O3,7,3.178418311479536,7,25;58;62,3,25:ARG,1,,0,25;51;52;55;56;58;62,7,0.1044776119402985,3,0,0,0,3.1608881092230896,True,3.50658182919692,55,GLY,3.50658182919692,55,GLY,CA,12.811372804977537,False,12.811372804977537,36,ALA,12.037405813290796,51,ALA,CB,3.178418311479536,True,3.3954425640823147,25,ILE,3.4799940857836926,28,ALA,CB,13.208663368310633,False,13.638619080058389,48,ALA,12.460508682487527,51,ALA,CB,60-69,far,far,True,,True,True,True,diversity,60-69|O8:far|B88:far,32,3
frb_rap_binder_raphotspot_frb_rap_binder_raphotspot_8_model_7,67,3.7906663323168623,0.0150478047064595,3.7545573604132927,3.8394644435505776,0,0.0,1.3149980366696035,0.015450906549090872,1.2489895820826373,1.3626987163489226,0,0.0,0,3.3832689897145607,5,11;12,2,O13,1,2.014871926953919,28,1;2;53;54;57;58;62,7,25:ARG;71:TYR;88:TYR;92:ARG,4,,0,1;2;11;12;53;54;57;58;62,9,0.13432835820895522,2,0,0,0,4.176087692510752,False,4.176087692510752,51,ALA,3.2061191268888805,51,ALA,CB,7.051467705676279,False,8.575746584556034,1,ALA,8.712693358173697,3,LEU,CB,3.634468763982914,True,3.634468763982914,54,ILE,3.864379028167766,57,GLY,CA,2.014871926953919,True,2.5519949613046835,1,ALA,4.0070051741803585,1,ALA,CB,60-69,far,near,True,,True,True,True,diversity,60-69|O8:far|B88:near,13,1
frb_rap_binder_raphotspot_frb_rap_binder_raphotspot_9_model_0,55,3.7873756782970562,0.012615080250998691,3.7617714387971852,3.8200120865713783,0,0.0,1.3150299820190696,0.01602680364536805,1.2632648621979827,1.3517400827446457,0,0.0,0,3.5078545091339244,3,46,1,C4;O11,2,2.263538258765742,13,24;25;47;50;51,5,25:ARG;88:TYR,2,,0,24;25;46;47;50;51,6,0.10909090909090909,1,0,0,0,5.330892511896927,False,5.832764827439633,12,ALA,4.636371506685331,15,ALA,CB,6.257950294554818,False,6.372923251121497,47,VAL,5.274241053537626,47,VAL,CB,2.263538258765742,True,2.263538258765742,25,ALA,3.0448480319044053,25,ALA,CB,3.2573078953464005,True,3.335545931692629,51,ALA,3.2265945931994615,51,ALA,CB,50-59,mid,near,True,,True,True,False,,50-59|O8:mid|B88:near,28,5
frb_rap_binder_raphotspot_frb_rap_binder_raphotspot_9_model_1,55,3.788573886746193,0.01120413815117695,3.7699526786882522,3.814420877014755,0,0.0,1.3157095637230152,0.015709888180010817,1.285745977763959,1.345081976593019,0,0.0,0,3.3356493634753823,5,45;48;49,3,C40;C41;O13;O2,4,2.981781729799037,16,22;23;26;27,4,25:ARG;76:ASN;77:VAL;78:LYS,4,,0,22;23;26;27;45;48;49,7,0.12727272727272726,3,0,0,0,4.7629220763088185,False,5.194029311862143,15,ASN,4.235040177255812,14,LEU,CB,8.630148257192927,False,8.67466847053479,49,ALA,7.8802133766867355,52,VAL,CB,3.0346968984419744,True,3.0346968984419744,27,ALA,2.776699670397619,27,ALA,CB,6.682542162522739,False,7.828918589992044,52,VAL,7.394679373516648,52,VAL,CB,50-59,mid,mid,True,,True,True,True,diversity,50-59|O8:mid|B88:mid,15,1
frb_rap_binder_raphotspot_frb_rap_binder_raphotspot_9_model_2,55,3.7863748104232147,0.011069807203144936,3.7643418802211346,3.8137981653337216,0,0.0,1.315497736279194,0.0117540931890839,1.2911009164419522,1.3573939049889583,0,0.0,0,3.7403191313022486,1,50,1,C43,1,2.126924300062466,9,45;46,2,25:ARG,1,,0,45;46;50,3,0.05454545454545454,1,0,0,0,5.453081964848462,False,5.749791806577488,50,TYR,5.007631006356908,50,TYR,CB,9.471562481110897,False,9.70295310184103,29,LEU,8.875846708737889,29,LEU,CB,2.126924300062466,True,2.126924300062466,45,ALA,2.257268956243985,45,ALA,CB,11.567318185691379,False,11.567318185691379,29,LEU,10.535750250433672,29,LEU,CB,50-59,far,far,True,,True,True,False,,50-59|O8:far|B88:far,64,11
frb_rap_binder_raphotspot_frb_rap_binder_raphotspot_9_model_3,55,3.794712218712019,0.014176532795481213,3.765942117370915,3.8371805855023626,0,0.0,1.3148238028987154,0.014671554164703409,1.2834558473620832,1.3462455172037902,0,0.0,0,3.0702726677314174,8,16;19;20;41,4,C41;C52;O13;O3,4,2.8021178026350637,10,16;47;48;52,4,19:ARG;25:ARG;71:TYR;77:VAL,4,16,1,16;19;20;41;47;48;52,7,0.12727272727272726,4,0,0,0,3.6518192032186096,True,3.6518192032186096,41,ALA,3.585004987726756,41,ALA,CB,6.156171942158939,False,6.251029000205511,19,PRO,4.926264808814758,19,PRO,CB,4.388478798966597,False,4.516585362281967,47,ALA,3.0012238125116375,47,ALA,CB,11.351018466943207,False,11.351018466943207,21,SER,10.839135166622691,19,PRO,CB,50-59,near,far,True,,True,True,True,bridge,50-59|O8:near|B88:far,3,1
frb_rap_binder_raphotspot_frb_rap_binder_raphotspot_9_model_4,55,3.7904780391472452,0.012614756587558933,3.769870929695465,3.8186456589212057,0,0.0,1.3086677482258904,0.01469596226874567,1.2673019176046243,1.3575084823223247,0,0.0,0,3.1050049717667525,11,21;23;25;44;48,5,C43;C51;C52;O10;O2;O3;O9,7,2.7098998258184754,5,50;51;55,3,25:ARG;71:TYR;77:VAL,3,,0,21;23;25;44;48;50;51;55,8,0.14545454545454545,3,0,0,0,3.780644532077889,True,3.780644532077889,44,LYS,3.6888727068830844,44,LYS,CB,4.4408209215557894,False,4.4408209215557894,22,THR,4.754946907633284,22,THR,CB,4.10356625324083,False,4.10356625324083,10,ALA,3.705106130027308,10,ALA,CB,8.052993976481966,False,8.503208746613785,25,ALA,7.4963474661030745,25,ALA,CB,50-59,near,mid,True,,True,True,True,diversity,50-59|O8:near|B88:mid,9,1
frb_rap_binder_raphotspot_frb_rap_binder_raphotspot_9_model_5,55,3.7880626598342113,0.014907874680161519,3.7644864165254144,3.8493831495732183,0,0.0,1.3168322360964084,0.014136044584531444,1.282015130140925,1.3505886039551867,0,0.0,0,3.305367733537078,6,5;44,2,C3;C41;C42;O2,4,2.446707572523821,12,46;47;54;55,4,25:ARG;77:VAL,2,,0,5;44;46;47;54;55,6,0.10909090909090909,2,0,0,0,4.324337345223036,False,4.9567304271354224,8,ALA,4.162164871937253,8,ALA,CB,8.147626238873466,False,8.147626238873466,1,ALA,6.9490698003445415,1,ALA,CB,2.446707572523821,True,2.9241632950427463,47,ALA,3.2741849741955145,46,GLY,CA,10.066445307057927,False,10.516621718302858,1,ALA,9.334924753388853,5,ALA,CB,50-59,mid,far,True,,True,True,True,diversity,50-59|O8:mid|B88:far,27,1
frb_rap_binder_raphotspot_frb_rap_binder_raphotspot_9_model_6,55,3.787991214618696,0.012339608513604298,3.7680599631001064,3.8230733970792556,0,0.0,1.31187997427845,0.01359401587678664,1.2822786816071812,1.340376495147894,0,0.0,0,3.5183050672543796,6,6;7,2,C41;O13,2,3.592633909703382,1,22,1,25:ARG,1,,0,6;7;22,3,0.05454545454545454,1,0,0,0,4.118427840577169,False,4.118427840577169,29,MET,3.741753702475866,29,MET,CB,9.860151541814052,False,9.860151541814052,3,MET,8.768655518114526,6,GLN,CB,3.592633909703382,True,3.592633909703382,22,GLY,3.592633909703382,22,GLY,CA,9.712856875170047,False,9.712856875170047,3,MET,8.714463973761667,3,MET,CB,50-59,far,far,True,,True,True,False,,50-59|O8:far|B88:far,63,10
frb_rap_binder_raphotspot_frb_rap_binder_raphotspot_9_model_7,55,3.789929973765977,0.012431367090047576,3.7604618511807892,3.814828745944064,0,0.0,1.3145751594975659,0.015234389217147077,1.275859864216902,1.347988474295934,0,0.0,0,3.4757508890782267,3,6;14,2,C41;C42;C43,3,2.974004550480246,4,12;13;17,3,25:ARG;77:VAL,2,,0,6;12;13;14;17,5,0.09090909090909091,2,0,0,0,4.542771559936027,False,4.895840518370256,24,VAL,4.454240145728642,27,THR,CB,12.02516113818764,False,12.02516113818764,6,LYS,11.344511337491218,6,LYS,CB,3.6985832249929125,True,4.035344715220382,12,ASP,3.0871174960775054,12,ASP,CB,13.815781592128177,False,13.815781592128177,31,ALA,12.891298880820244,31,ALA,CB,50-59,far,far,True,,True,True,True,diversity,50-59|O8:far|B88:far,40,4
