target,design,binderB_length,B_RAP_min_distance,B_RAP_atom_contacts_4A,RAP_atoms_contacted_4A,RAP_atom_types_contacted_4A,selected_RAP_atoms,selected_RAP_atoms_contacted,selected_RAP_atoms_contacted_count,RAP_hotspot_min_distance,RAP_hotspot_contact_4A,B_A_min_distance,B_A_atom_contacts_4A,A_residues_contacted_4A,A_residues_contacted_count,A_hotspot_min_distance,A_hotspot_contact_4A,composite_contact_4A,B_A_clashes_lt2A,B_RAP_clashes_lt2A,total_inter_clashes_lt2A,rap_score,a_score,a_res_score,hotspot_score,selection_score,rank_within_target
1_model_7_b0_d0,1_model_7_b0_d0_binderB_1_model_7_b0_d0_binderB_4_model_0,65,2.580494198888952,65,C11;C13;C2;C20;C3;C35;C36;C37;C38;C39;C40;C41;C42;C43;C44;C47;C49;C5;C52;C6;C8;C9;N7;O11;O13;O3;O4;O5;O6;O7,30,O3;N7,N7;O3,2,3.240863739930158,True,2.3102787254227484,49,12:ILE;13:ARG;16:ALA;19:PRO;20:LEU;21:SER;22:ALA;25:ILE;37:ARG;40:LEU;44:MET;45:ALA;47:ALA;50:ALA,14,2.5436538783793594,True,True,0,0,0,0.684931506849315,0.6785714285714286,1.0,1.0,0.7932974559686888,1
1_model_7_b0_d0,1_model_7_b0_d0_binderB_1_model_7_b0_d0_binderB_8_model_4,76,2.46079868873946,74,C1;C10;C11;C14;C15;C16;C18;C19;C2;C20;C27;C28;C29;C35;C40;C41;C42;C43;C44;C45;C46;C47;C49;C50;C51;C8;C9;O13;O2;O3;O4;O5;O6;O7;O9,35,O3;N7,O3,1,2.941369516909311,True,2.3652318254748583,52,12:ILE;19:PRO;20:LEU;21:SER;22:ALA;25:ILE;37:ARG;40:LEU;44:MET;47:ALA;50:ALA,11,2.3652318254748583,True,True,0,0,0,0.8082191780821918,0.7321428571428571,0.6666666666666666,1.0,0.7858529028049576,2
1_model_7_b0_d0,1_model_7_b0_d0_binderB_1_model_7_b0_d0_binderB_8_model_2,76,2.3122532300916325,88,C10;C11;C12;C13;C15;C16;C17;C18;C19;C2;C20;C21;C22;C23;C35;C36;C37;C41;C42;C43;C44;C45;C46;C47;C49;C50;C51;C52;C6;C8;C9;O3;O4;O5;O6;O7;O9,37,O3;N7,O3,1,2.7169631849701696,True,2.03496017678209,48,9:ASP;12:ILE;13:ARG;16:ALA;19:PRO;20:LEU;43:ILE;44:MET,8,2.6550508593118827,True,True,0,0,0,1.0,0.6607142857142857,0.3333333333333333,1.0,0.7648809523809523,3
1_model_7_b0_d0,1_model_7_b0_d0_binderB_1_model_7_b0_d0_binderB_1_model_1,56,2.740459885537249,40,C12;C13;C16;C18;C19;C20;C21;C3;C35;C40;C41;C42;C43;C45;C49;C50;C51;C52;C9;O13;O3;O4;O9,23,O3;N7,O3,1,3.2907869612229854,True,2.457439659495519,67,9:ASP;12:ILE;13:ARG;18:ARG;19:PRO;20:LEU;37:ARG;40:LEU;44:MET;47:ALA;48:GLY;49:ALA;50:ALA,13,2.909798058367816,True,True,0,0,0,0.3424657534246575,1.0,0.8888888888888888,1.0,0.7476407914764079,4
1_model_7_b0_d0,1_model_7_b0_d0_binderB_1_model_7_b0_d0_binderB_9_model_7,68,2.764188822573378,60,C1;C12;C13;C19;C2;C20;C21;C22;C23;C3;C36;C39;C40;C41;C42;C43;C45;C49;C5;C52;C8;C9;N7;O13;O2;O3;O4;O6,28,O3;N7,N7;O3,2,3.034472773092337,True,2.14965778042134,54,9:ASP;12:ILE;13:ARG;16:ALA;40:LEU;43:ILE;44:MET;46:ALA;47:ALA;50:ALA,10,2.14965778042134,True,True,0,0,0,0.6164383561643836,0.7678571428571429,0.5555555555555556,1.0,0.7072216786257883,5
1_model_7_b0_d0,1_model_7_b0_d0_binderB_1_model_7_b0_d0_binderB_9_model_4,68,2.7237020304664936,56,C1;C12;C13;C2;C35;C36;C37;C39;C40;C41;C42;C43;C47;C49;C50;C52;C8;O1;O13;O2;O3;O4;O6,23,O3;N7,O3,1,2.7237020304664936,True,2.6197387164558994,44,9:ASP;12:ILE;13:ARG;16:ALA;19:PRO;20:LEU;21:SER;22:ALA;25:ILE;37:ARG;43:ILE;44:MET;47:ALA,13,3.004717884923142,True,True,0,0,0,0.5616438356164384,0.5892857142857143,0.8888888888888888,1.0,0.7011388345292455,6
1_model_7_b0_d0,1_model_7_b0_d0_binderB_1_model_7_b0_d0_binderB_0_model_4,53,2.2347162914493595,53,C1;C10;C11;C12;C13;C16;C18;C2;C40;C41;C42;C43;C47;C49;C50;C52;C9;O13;O2;O3;O4;O6,22,O3;N7,O3,1,3.3456017878773503,True,2.1029604033233715,51,13:ARG;16:ALA;19:PRO;20:LEU;21:SER;22:ALA;23:ALA;37:ARG;40:LEU;44:MET;47:ALA,11,3.203666235463822,True,True,0,0,0,0.5205479452054794,0.7142857142857143,0.6666666666666666,1.0,0.6798108284409654,7
1_model_7_b0_d0,1_model_7_b0_d0_binderB_1_model_7_b0_d0_binderB_4_model_6,65,2.594943895404386,33,C18;C20;C22;C24;C27;C39;C4;C40;C41;C43;C47;C49;C5;C51;C52;C8;O13;O3;O4;O6,20,O3;N7,O3,1,2.594943895404386,True,2.11328159358642,58,12:ILE;13:ARG;19:PRO;20:LEU;21:SER;22:ALA;37:ARG;40:LEU;43:ILE;44:MET;47:ALA;50:ALA;51:ASP,13,3.838118988221785,True,True,0,0,0,0.2465753424657534,0.8392857142857143,0.8888888888888888,1.0,0.6658648619265057,8
1_model_7_b0_d0,1_model_7_b0_d0_binderB_1_model_7_b0_d0_binderB_8_model_7,76,2.330603423288863,78,C10;C11;C12;C13;C14;C15;C16;C18;C19;C20;C21;C36;C37;C39;C40;C41;C42;C43;C44;C47;C49;C50;C51;O13;O3;O4;O5;O6;O7,29,O3;N7,O3,1,3.355283031379147,True,2.805686454133105,34,12:ILE;19:PRO;20:LEU;21:SER;22:ALA;25:ILE;37:ARG;40:LEU;44:MET,9,2.916056996484444,True,True,0,0,0,0.863013698630137,0.4107142857142857,0.4444444444444444,1.0,0.6641579691237226,9
1_model_7_b0_d0,1_model_7_b0_d0_binderB_1_model_7_b0_d0_binderB_8_model_0,76,2.728005476366433,33,C1;C12;C13;C16;C18;C2;C3;C36;C37;C38;C39;C41;C42;C43;C49;C50;C52;O13;O2;O3,20,O3;N7,O3,1,3.5937368700924024,True,2.521308936387926,55,9:ASP;12:ILE;13:ARG;19:PRO;20:LEU;21:SER;25:ILE;40:LEU;43:ILE;44:MET;47:ALA;48:GLY,12,2.521308936387926,True,True,0,0,0,0.2465753424657534,0.7857142857142857,0.7777777777777778,1.0,0.627571211132855,10
3_model_3_b2_d0,3_model_3_b2_d0_binderB_3_model_3_b2_d0_binderB_1_model_5,75,2.0030516126457685,40,C12;C21;C22;C24;C26;C27;C36;C37;C38;C39;C40;C41;C45;C46;C47;C51;C52;O10;O12;O13;O8;O9,22,O8;O9,O8;O9,2,2.6941150282965576,True,2.137601870911768,88,15:LYS;19:LEU;22:TRP;23:TRP;28:ALA;61:LEU;62:ALA;65:ARG;66:ALA;69:ALA;72:ARG;73:ALA;75:LEU,13,2.276756287419548,True,True,0,0,0,0.5666666666666667,1.0,1.0,1.0,0.8483333333333333,1
3_model_3_b2_d0,3_model_3_b2_d0_binderB_3_model_3_b2_d0_binderB_4_model_2,57,2.668141219892418,47,C20;C21;C22;C23;C24;C26;C38;C39;C40;C45;C46;C47;C48;C51;C52;O10;O12;O13;O8;O9,20,O8;O9,O8;O9,2,2.8947694178843366,True,2.0169261441501725,58,8:LYS;9:VAL;12:GLU;15:LYS;19:LEU;23:TRP;58:GLU;61:LEU;62:ALA;65:ARG;66:ALA;72:ARG,12,2.0169261441501725,True,True,0,0,0,0.6833333333333333,0.6341463414634146,0.9090909090909091,1.0,0.761228750923873,2
3_model_3_b2_d0,3_model_3_b2_d0_binderB_3_model_3_b2_d0_binderB_6_model_5,74,2.990607137334471,33,C12;C13;C18;C19;C20;C21;C22;C23;C26;C39;C45;C46;C47;C48;C50;C51;C52;O10;O12;O13;O8;O9,22,O8;O9,O8;O9,2,2.990607137334471,True,2.030702865355809,64,8:LYS;19:LEU;22:TRP;23:TRP;28:ALA;61:LEU;62:ALA;65:ARG;66:ALA;69:ALA;72:ARG;75:LEU,12,2.140790391222646,True,True,0,0,0,0.45,0.7073170731707317,0.9090909090909091,1.0,0.7015133037694014,3
3_model_3_b2_d0,3_model_3_b2_d0_binderB_3_model_3_b2_d0_binderB_7_model_5,80,2.303834409932984,66,C13;C17;C18;C19;C20;C21;C22;C23;C24;C27;C28;C30;C38;C39;C40;C45;C46;C47;C48;C50;C51;C52;O10;O12;O13;O8;O9,27,O8;O9,O8;O9,2,3.061598976339699,True,2.799403969285596,26,12:GLU;15:LYS;16:ARG;19:LEU;23:TRP;28:ALA;72:ARG;73:ALA;75:LEU,9,3.495334962639596,True,True,0,0,0,1.0,0.24390243902439024,0.6363636363636364,1.0,0.7004434589800443,4
3_model_3_b2_d0,3_model_3_b2_d0_binderB_3_model_3_b2_d0_binderB_1_model_6,75,2.918991919029001,28,C13;C16;C18;C22;C23;C45;C46;C47;C49;C50;C51;O10;O8;O9,14,O8;O9,O8;O9,2,2.918991919029001,True,2.1163971957753973,56,15:LYS;19:LEU;22:TRP;23:TRP;58:GLU;61:LEU;62:ALA;65:ARG;66:ALA;69:ALA;72:ARG,11,2.1163971957753973,True,True,0,0,0,0.36666666666666664,0.6097560975609756,0.8181818181818182,1.0,0.6248965262379897,5
3_model_3_b2_d0,3_model_3_b2_d0_binderB_3_model_3_b2_d0_binderB_9_model_6,50,2.663003548676796,45,C12;C13;C18;C19;C20;C21;C22;C23;C24;C26;C44;C45;C46;C47;C48;C49;C50;C51;C52;O10;O8;O9,22,O8;O9,O8;O9,2,2.9541155432298183,True,2.363889022531971,42,15:LYS;16:ARG;19:LEU;22:TRP;23:TRP;72:ARG;73:ALA;75:LEU,8,2.363889022531971,True,True,0,0,0,0.65,0.43902439024390244,0.5454545454545454,1.0,0.6182982261640798,6
3_model_3_b2_d0,3_model_3_b2_d0_binderB_3_model_3_b2_d0_binderB_3_model_6,53,2.691995700414417,46,C20;C21;C24;C27;C38;C39;C40;C45;C46;C47;C48;C50;C51;C52;O10;O12;O13;O8,18,O8;O9,O8,1,3.2396044698646858,True,2.079977071433904,40,15:LYS;19:LEU;65:ARG;66:ALA;69:ALA;72:ARG;73:ALA;75:LEU,8,2.1234070993759184,True,True,0,0,0,0.6666666666666666,0.4146341463414634,0.5454545454545454,1.0,0.6168144863266813,7
3_model_3_b2_d0,3_model_3_b2_d0_binderB_3_model_3_b2_d0_binderB_5_model_1,68,3.269710745889468,41,C18;C19;C20;C21;C22;C23;C24;C36;C45;C46;C47;C49;C50;C51;C52;O10;O12;O8;O9,19,O8;O9,O8;O9,2,3.269710745889468,True,2.046395830886586,46,15:LYS;16:ARG;19:LEU;22:TRP;23:TRP;26:ASP;28:ALA;72:ARG,8,2.964623413535397,True,True,0,0,0,0.5833333333333334,0.4878048780487805,0.5454545454545454,1.0,0.6095990391722098,8
3_model_3_b2_d0,3_model_3_b2_d0_binderB_3_model_3_b2_d0_binderB_6_model_3,74,3.138803724818284,44,C18;C19;C20;C23;C24;C39;C44;C45;C46;C47;C48;C50;C51;C52;O10;O12;O13;O8;O9,19,O8;O9,O8;O9,2,3.285193010198772,True,2.726470291194237,26,15:LYS;23:TRP;30:VAL;62:ALA;65:ARG;69:ALA;72:ARG;73:ALA;75:LEU,9,2.726470291194237,True,True,0,0,0,0.6333333333333333,0.24390243902439024,0.6363636363636364,1.0,0.572110125646711,9
3_model_3_b2_d0,3_model_3_b2_d0_binderB_3_model_3_b2_d0_binderB_0_model_6,52,2.661215163773264,36,C13;C20;C22;C23;C24;C39;C40;C45;C46;C50;C51;C52;O10;O12;O13;O8;O9,17,O8;O9,O8;O9,2,3.349931320244316,True,2.623970714367301,43,12:GLU;15:LYS;22:TRP;23:TRP;26:ASP;28:ALA;65:ARG;72:ARG,8,3.568533053682203,True,True,0,0,0,0.5,0.45121951219512196,0.5454545454545454,1.0,0.5694567627494457,10
5_model_1_b0_d0,5_model_1_b0_d0_binderB_5_model_1_b0_d0_binderB_9_model_5,74,2.3852604974617884,72,C1;C19;C2;C26;C27;C28;C3;C30;C34;C35;C36;C40;C41;C42;C44;C48;C49;C5;C8;O1;O10;O13;O2;O3;O4;O7;O8;O9,28,O10;O2,O10;O2,2,2.3852604974617884,True,2.213152908645758,73,1:LEU;16:ALA;17:VAL;20:LYS;21:MET;22:PRO;25:GLU;45:ARG;51:LEU;52:TYR;55:MET;58:ALA;62:TYR,13,3.126328871511281,True,True,0,0,0,0.8354430379746836,1.0,0.9166666666666666,1.0,0.9257383966244727,1
5_model_1_b0_d0,5_model_1_b0_d0_binderB_5_model_1_b0_d0_binderB_4_model_1,76,2.1697608910841426,85,C1;C10;C11;C15;C17;C2;C25;C26;C3;C34;C35;C4;C40;C41;C43;C44;C46;C48;C5;C50;C51;C6;C8;C9;N7;O1;O10;O11;O13;O2;O3;O4;O6;O7;O8;O9,36,O10;O2,O10;O2,2,3.2425321389850943,True,2.3494696462024707,55,1:LEU;13:ALA;16:ALA;20:LYS;41:LEU;45:ARG;52:TYR;55:MET;56:ALA;58:ALA;59:ALA;60:LYS;62:TYR,13,3.6354367376832464,True,True,0,0,0,1.0,0.7352941176470589,0.9166666666666666,1.0,0.903921568627451,2
5_model_1_b0_d0,5_model_1_b0_d0_binderB_5_model_1_b0_d0_binderB_4_model_3,76,2.005872000036909,64,C11;C26;C27;C28;C30;C35;C4;C40;C41;C43;C44;C46;C48;C49;C5;C51;C6;C8;C9;O1;O10;O11;O13;O2;O3;O4;O8;O9,28,O10;O2,O10;O2,2,2.782236741925355,True,2.4235680426512918,72,17:VAL;25:GLU;45:ARG;51:LEU;52:TYR;53:GLU;54:ALA;55:MET;56:ALA;58:ALA;59:ALA;60:LYS,12,3.0878699363611037,True,True,0,0,0,0.7341772151898734,0.9852941176470589,0.8333333333333334,1.0,0.86921692727724,3
5_model_1_b0_d0,5_model_1_b0_d0_binderB_5_model_1_b0_d0_binderB_0_model_0,71,2.370830786754317,60,C1;C10;C16;C17;C2;C3;C30;C32;C35;C4;C41;C44;C48;C49;C5;C50;C9;O10;O11;O13;O2;O3;O4;O5;O6;O7;O8,27,O10;O2,O10;O2,2,3.1638905610551995,True,2.379841886917383,71,17:VAL;19:PRO;20:LYS;21:MET;22:PRO;25:GLU;51:LEU;52:TYR;54:ALA;55:MET;56:ALA;58:ALA;59:ALA,13,3.5029721966651133,True,True,0,0,0,0.6835443037974683,0.9705882352941176,0.9166666666666666,1.0,0.8637503102506825,4
5_model_1_b0_d0,5_model_1_b0_d0_binderB_5_model_1_b0_d0_binderB_3_model_4,54,2.221476941990812,83,C1;C12;C19;C2;C25;C26;C3;C30;C31;C32;C4;C41;C46;C48;C5;C50;C6;C9;N7;O1;O10;O11;O13;O2;O4;O6;O7;O8;O9,29,O10;O2,O10;O2,2,2.7608904371838827,True,2.407164461321505,48,1:LEU;16:ALA;45:ARG;51:LEU;52:TYR;55:MET;56:ALA;58:ALA;59:ALA,9,2.597425575187809,True,True,0,0,0,0.9746835443037974,0.6323529411764706,0.5833333333333334,1.0,0.797511789525937,5
5_model_1_b0_d0,5_model_1_b0_d0_binderB_5_model_1_b0_d0_binderB_7_model_3,76,2.727971728101404,53,C1;C10;C17;C2;C3;C30;C32;C4;C41;C42;C44;C48;C5;C50;C6;C9;O10;O11;O13;O2;O4;O6;O7;O8;O9,25,O10;O2,O10;O2,2,3.3370337848895057,True,2.808036641751181,58,17:VAL;20:LYS;22:PRO;25:GLU;45:ARG;49:ALA;51:LEU;52:TYR;54:ALA;55:MET;56:ALA;59:ALA;60:LYS;62:TYR,14,3.818390858085983,True,True,0,0,0,0.5949367088607594,0.7794117647058824,1.0,1.0,0.7920513775130306,6
5_model_1_b0_d0,5_model_1_b0_d0_binderB_5_model_1_b0_d0_binderB_8_model_4,68,2.75582285286279,63,C1;C2;C26;C27;C3;C31;C32;C4;C41;C42;C44;C48;C5;C51;O10;O11;O13;O2;O3;O4;O6;O7;O8;O9,24,O10;O2,O10;O2,2,3.461230759499225,True,2.0918416372958566,45,1:LEU;13:ALA;16:ALA;17:VAL;20:LYS;21:MET;41:LEU;45:ARG;52:TYR;55:MET,10,2.506599983373941,True,True,0,0,0,0.7215189873417721,0.5882352941176471,0.6666666666666666,1.0,0.7123355671382476,7
5_model_1_b0_d0,5_model_1_b0_d0_binderB_5_model_1_b0_d0_binderB_5_model_7,69,2.8027213581374766,35,C19;C21;C3;C30;C34;C35;C36;C41;C42;C46;C48;C49;C5;C6;O1;O10;O12;O13;O2;O3;O8,21,O10;O2,O10;O2,2,3.334709855617532,True,2.3159206421224363,57,1:LEU;17:VAL;21:MET;25:GLU;41:LEU;48:MET;51:LEU;52:TYR;53:GLU;55:MET;56:ALA;59:ALA;60:LYS;62:TYR,14,3.2086934926034543,True,True,0,0,0,0.3670886075949367,0.7647058823529411,1.0,1.0,0.7078927773641103,8
5_model_1_b0_d0,5_model_1_b0_d0_binderB_5_model_1_b0_d0_binderB_8_model_3,68,2.6040892703976355,55,C1;C2;C26;C3;C30;C39;C4;C40;C41;C42;C46;C48;C5;C6;C8;N7;O10;O11;O13;O2;O3;O7;O8;O9,24,O10;O2,O10;O2,2,3.0192133221338384,True,2.5060384910275744,56,1:LEU;17:VAL;20:LYS;21:MET;45:ARG;51:LEU;52:TYR;54:ALA;55:MET;56:ALA;59:ALA;62:TYR,12,4.282758431948749,False,True,0,0,0,0.620253164556962,0.75,0.8333333333333334,0.5,0.6837552742616033,9
5_model_1_b0_d0,5_model_1_b0_d0_binderB_5_model_1_b0_d0_binderB_5_model_5,69,2.150879373053068,67,C1;C10;C2;C27;C29;C3;C30;C31;C32;C4;C41;C43;C44;C48;C5;C51;C6;C9;O10;O11;O13;O2;O3;O4;O6;O8;O9,27,O10;O2,O10;O2,2,2.9381814486559708,True,2.2330658448129475,40,1:LEU;2:ASP;17:VAL;20:LYS;21:MET;25:GLU;52:TYR;54:ALA;55:MET;56:ALA;59:ALA;60:LYS;62:TYR,13,4.584706223102272,False,True,0,0,0,0.7721518987341772,0.5147058823529411,0.9166666666666666,0.5,0.6829982625961777,10
6_model_5_b3_d0,6_model_5_b3_d0_binderB_6_model_5_b3_d0_binderB_2_model_4,63,2.1942552680997216,55,C1;C26;C27;C28;C34;C39;C40;C41;C42;C46;C51;C52;O10;O11;O12;O13;O2;O8;O9,19,O10;O13,O10;O13,2,2.4131563212319342,True,2.406437901087289,48,47:ALA;50:GLU;51:ALA;54:ARG;55:ALA;58:ALA;61:LEU;62:GLU;65:ALA,9,2.406437901087289,True,True,0,0,0,0.9285714285714286,0.7076923076923077,0.5714285714285714,1.0,0.8015934065934066,1
6_model_5_b3_d0,6_model_5_b3_d0_binderB_6_model_5_b3_d0_binderB_1_model_3,51,2.733340515270706,33,C39;C40;C41;C42;C51;C52;O10;O12;O13;O9,10,O10;O13,O10;O13,2,3.029747767805796,True,2.0987453356745163,67,48:GLU;51:ALA;52:LEU;54:ARG;55:ALA;57:ILE;58:ALA;61:LEU;62:GLU,9,3.189002733967297,True,True,0,0,0,0.5357142857142857,1.0,0.5714285714285714,1.0,0.7517857142857143,2
6_model_5_b3_d0,6_model_5_b3_d0_binderB_6_model_5_b3_d0_binderB_2_model_5,63,2.8802384831193084,21,C28;C29;C30;C31;C32;C40;C41;C42;C46;C51;O10;O11;O13;O2;O8,15,O10;O13,O10;O13,2,2.8802384831193084,True,2.6846766871818795,56,26:PRO;27:ALA;30:LEU;44:LEU;46:ARG;48:GLU;50:GLU;51:ALA;52:LEU;54:ARG;55:ALA;58:ALA;59:ALA;61:LEU;62:GLU,15,3.120823794991149,True,True,0,0,0,0.32142857142857145,0.8307692307692308,1.0,1.0,0.7117307692307693,3
6_model_5_b3_d0,6_model_5_b3_d0_binderB_6_model_5_b3_d0_binderB_8_model_4,67,2.20531197790879,27,C1;C24;C25;C26;C3;C30;C4;C46;C48;C51;C52;O10;O11;O12;O13;O2;O8;O9,18,O10;O13,O10;O13,2,3.2036677617057205,True,2.1348471053429563,57,26:PRO;47:ALA;50:GLU;51:ALA;54:ARG;55:ALA;58:ALA;61:LEU;62:GLU;65:ALA,10,2.1348471053429563,True,True,0,0,0,0.42857142857142855,0.8461538461538461,0.6428571428571429,1.0,0.6824175824175824,4
6_model_5_b3_d0,6_model_5_b3_d0_binderB_6_model_5_b3_d0_binderB_9_model_3,55,2.8357649567920395,23,C24;C25;C40;C41;C46;C51;C52;O10;O12;O13;O8;O9,12,O10;O13,O10;O13,2,2.998931123796609,True,2.016494997492928,62,26:PRO;48:GLU;50:GLU;51:ALA;52:LEU;54:ARG;55:ALA;58:ALA;59:ALA;62:GLU,10,2.919253661123291,True,True,0,0,0,0.35714285714285715,0.9230769230769231,0.6428571428571429,1.0,0.6804945054945055,5
6_model_5_b3_d0,6_model_5_b3_d0_binderB_6_model_5_b3_d0_binderB_8_model_2,67,2.5403692205059314,30,C26;C39;C40;C41;C46;C51;C52;O10;O12;O13;O8;O9,12,O10;O13,O10;O13,2,3.126802095505133,True,2.643857194002108,55,47:ALA;50:GLU;51:ALA;54:ARG;58:ALA;61:LEU;62:GLU,7,3.056586343871177,True,True,0,0,0,0.48214285714285715,0.8153846153846154,0.42857142857142855,1.0,0.6490796703296703,6
6_model_5_b3_d0,6_model_5_b3_d0_binderB_6_model_5_b3_d0_binderB_2_model_3,63,2.615114910794545,41,C26;C27;C28;C40;C41;C46;C51;C52;O10;O12;O13;O8;O9,13,O10;O13,O10;O13,2,2.6887203088970493,True,2.102264631611292,47,26:PRO;54:ARG;61:LEU;62:GLU,4,3.065978981893577,True,True,0,0,0,0.6785714285714286,0.6923076923076923,0.21428571428571427,1.0,0.6380494505494505,7
6_model_5_b3_d0,6_model_5_b3_d0_binderB_6_model_5_b3_d0_binderB_6_model_7,65,2.607534596855014,59,C1;C2;C27;C28;C3;C30;C39;C4;C40;C41;C48;C51;C52;C8;O10;O12;O13;O2;O3;O8;O9,21,O10;O13,O10;O13,2,2.7969413525596143,True,2.702608686068627,22,26:PRO;54:ARG;61:LEU;65:ALA,4,2.702608686068627,True,True,0,0,0,1.0,0.3076923076923077,0.21428571428571427,1.0,0.6351648351648351,8
6_model_5_b3_d0,6_model_5_b3_d0_binderB_6_model_5_b3_d0_binderB_9_model_1,55,2.7093577824678468,41,C1;C2;C26;C27;C28;C3;C32;C34;C37;C40;C41;C42;C46;C51;C52;O10;O11;O12;O13;O2;O3;O8;O9,23,O10;O13,O10;O13,2,3.143353045230897,True,2.181988237298846,35,54:ARG;61:LEU;62:GLU;64:ALA;65:ALA,5,3.9893131037292022,True,True,0,0,0,0.6785714285714286,0.5076923076923077,0.2857142857142857,1.0,0.5969505494505495,9
6_model_5_b3_d0,6_model_5_b3_d0_binderB_6_model_5_b3_d0_binderB_6_model_6,65,2.3766169672314725,35,C26;C3;C30;C39;C4;C40;C41;C46;C48;O10;O11;O12;O13;O2;O8;O9,16,O10;O13,O10;O13,2,2.995629153904586,True,2.7511948932965744,35,26:PRO;54:ARG;55:ALA;58:ALA;59:ALA;61:LEU;62:GLU,7,2.7511948932965744,True,True,0,0,0,0.5714285714285714,0.5076923076923077,0.42857142857142855,1.0,0.588021978021978,10
9_model_4_b0_d0,9_model_4_b0_d0_binderB_9_model_4_b0_d0_binderB_3_model_5,69,2.751381162313197,56,C1;C12;C13;C2;C22;C24;C27;C28;C29;C3;C33;C35;C36;C4;C41;C42;C45;C47;C49;C5;C50;C51;C52;O1;O10;O12;O2;O3;O9,29,O2;O3,O2;O3,2,2.751381162313197,True,2.295004182555396,51,10:ALA;13:ILE;14:ASP;17:VAL;18:ALA;26:VAL;44:GLU;50:LEU;51:LEU;53:GLU;54:ALA;55:GLY,12,4.507669623619505,False,True,0,0,0,0.9107142857142857,0.9433962264150944,1.0,0.5,0.8767688679245282,1
9_model_4_b0_d0,9_model_4_b0_d0_binderB_9_model_4_b0_d0_binderB_6_model_5,66,2.32001979256435,61,C1;C2;C3;C30;C32;C35;C4;C43;C48;C49;C52;C8;C9;O1;O10;O11;O12;O2;O3;O4;O6,21,O2;O3,O2;O3,2,2.7687021580751514,True,2.099666140657225,35,22:ARG;24:ASP;26:VAL;30:ARG;40:VAL;44:GLU,6,3.4887120018610536,True,True,0,0,0,1.0,0.6415094339622641,0.45454545454545453,1.0,0.7833619210977701,2
9_model_4_b0_d0,9_model_4_b0_d0_binderB_9_model_4_b0_d0_binderB_1_model_5,52,2.386977873404462,37,C10;C11;C18;C20;C22;C24;C33;C35;C36;C37;C41;C42;C43;C45;C47;C49;C50;C51;O3;O4;O6,21,O2;O3,O3,1,3.163877060848397,True,2.3578487584108485,54,13:ILE;14:ASP;17:VAL;22:ARG;47:LEU;50:LEU;51:LEU;53:GLU;54:ALA;55:GLY,10,6.98102538891118,False,True,0,0,0,0.5714285714285714,1.0,0.8181818181818182,0.5,0.7386363636363636,3
9_model_4_b0_d0,9_model_4_b0_d0_binderB_9_model_4_b0_d0_binderB_7_model_4,68,2.463432604952312,57,C11;C12;C13;C16;C17;C18;C19;C20;C22;C3;C35;C36;C37;C4;C42;C43;C44;C47;C49;C5;C50;C6;C8;C9;N7;O2;O3;O4;O7,29,O2;O3,O2;O3,2,3.480384811876481,True,2.104285540731659,26,13:ILE;14:ASP;17:VAL;24:ASP;26:VAL;51:LEU,6,2.104285540731659,True,True,0,0,0,0.9285714285714286,0.4716981132075472,0.45454545454545453,1.0,0.7074185248713551,4
9_model_4_b0_d0,9_model_4_b0_d0_binderB_9_model_4_b0_d0_binderB_0_model_1,60,2.3103456335045247,60,C1;C11;C2;C3;C4;C43;C5;C52;C6;C8;C9;N7;O2;O3;O4;O6,16,O2;O3,O2;O3,2,2.93759852852689,True,2.121671768609452,22,24:ASP;25:ALA;26:VAL;30:ARG;44:GLU,5,2.121671768609452,True,True,0,0,0,0.9821428571428571,0.39622641509433965,0.36363636363636365,1.0,0.6853451972555746,5
9_model_4_b0_d0,9_model_4_b0_d0_binderB_9_model_4_b0_d0_binderB_6_model_6,66,2.617026378653459,44,C1;C12;C2;C30;C35;C36;C38;C39;C4;C40;C42;C43;C48;C49;C52;C8;C9;O11;O12;O13;O2;O3;O4,23,O2;O3,O2;O3,2,2.802238905351088,True,2.027015218607332,41,26:VAL;44:GLU;50:LEU;51:LEU;54:ALA;55:GLY,6,5.450510257590162,False,True,0,0,0,0.6964285714285714,0.7547169811320755,0.45454545454545453,0.5,0.6360741852487135,6
9_model_4_b0_d0,9_model_4_b0_d0_binderB_9_model_4_b0_d0_binderB_5_model_5,68,3.0713864979337813,44,C12;C13;C16;C18;C2;C20;C22;C3;C33;C36;C42;C43;C45;C47;C5;C52;C6;C8;C9;N7;O11;O13;O3;O4,24,O2;O3,O3,1,3.903153846874317,True,2.645425529754003,17,13:ILE;22:ARG;24:ASP;26:VAL;44:GLU;50:LEU;51:LEU;54:ALA;55:GLY,9,3.4636313108511376,True,True,0,0,0,0.6964285714285714,0.3018867924528302,0.7272727272727273,1.0,0.6297705831903945,7
9_model_4_b0_d0,9_model_4_b0_d0_binderB_9_model_4_b0_d0_binderB_6_model_1,66,2.7206745294680603,43,C11;C13;C18;C20;C21;C22;C3;C37;C38;C40;C41;C42;C43;C45;C47;C49;C8;C9;N7;O3;O4;O6,22,O2;O3,O3,1,2.786650518927572,True,2.0313292656186785,21,13:ILE;14:ASP;22:ARG;23:ALA;26:VAL;30:ARG;44:GLU,7,4.265731991962746,False,True,0,0,0,0.6785714285714286,0.37735849056603776,0.5454545454545454,0.5,0.5347984562607204,8
9_model_4_b0_d0,9_model_4_b0_d0_binderB_9_model_4_b0_d0_binderB_8_model_7,71,2.055499048605593,45,C1;C10;C11;C12;C2;C3;C35;C4;C43;C49;C5;C52;C9;O11;O2;O3;O4;O6,18,O2;O3,O2;O3,2,3.1177426348309,True,2.730582716937678,12,24:ASP;26:VAL;40:VAL;44:GLU,4,3.331013746748515,True,True,0,0,0,0.7142857142857143,0.20754716981132076,0.2727272727272727,1.0,0.5168096054888508,9
9_model_4_b0_d0,9_model_4_b0_d0_binderB_9_model_4_b0_d0_binderB_4_model_0,50,2.7695310296329523,40,C1;C11;C12;C13;C2;C3;C35;C38;C42;C43;C50;C52;C8;C9;N7;O2;O3;O4;O6,19,O2;O3,O2;O3,2,2.996466748325876,True,2.260917189455697,16,22:ARG;24:ASP;26:VAL;30:ARG,4,2.260917189455697,True,True,0,0,0,0.625,0.2830188679245283,0.2727272727272727,1.0,0.5082011149228131,10
