rank,candidate,plus_sample,minus_sample,plus_ranking_score,plus_iptm,plus_ptm,plus_fraction_disordered,plus_has_clash,plus_A_chain_iptm,plus_A_chain_ptm,plus_B_chain_iptm,plus_B_chain_ptm,plus_AB_pair_iptm,plus_AB_pair_pae_min,plus_C_chain_iptm,plus_C_chain_ptm,plus_AC_pair_iptm,plus_AC_pair_pae_min,plus_BC_pair_iptm,plus_BC_pair_pae_min,minus_ranking_score,minus_iptm,minus_ptm,minus_fraction_disordered,minus_has_clash,minus_A_chain_iptm,minus_A_chain_ptm,minus_B_chain_iptm,minus_B_chain_ptm,minus_AB_pair_iptm,minus_AB_pair_pae_min,delta_iptm,delta_AB_pair_iptm
1,1_model_7_b0_d0__rank06_b2_d0,2,2,0.85,0.85,0.85,0.0,0.0,0.77,0.75,0.8,0.75,0.72,2.07,0.85,0.81,0.83,1.58,0.88,1.2,0.47,0.43,0.66,0.0,0.0,0.43,0.71,0.43,0.77,0.43,6.1,0.42,0.29
2,6_model_5_b3_d0__rank02_b3_d0,4,2,0.78,0.79,0.77,0.0,0.0,0.72,0.53,0.71,0.74,0.59,2.52,0.83,0.8,0.84,1.6,0.82,1.58,0.3,0.26,0.5,0.0,0.0,0.26,0.52,0.26,0.71,0.26,8.3,0.53,0.32999999999999996
3,9_model_4_b0_d0__rank06_b2_d0,3,4,0.86,0.83,0.82,0.07,0.0,0.72,0.7,0.77,0.72,0.7,2.34,0.79,0.73,0.73,2.13,0.84,1.46,0.65,0.59,0.71,0.07,0.0,0.59,0.72,0.59,0.75,0.59,3.58,0.24,0.10999999999999999
4,3_model_3_b2_d0__rank04_b2_d0,3,4,0.67,0.65,0.74,0.0,0.0,0.63,0.81,0.6,0.83,0.55,4.72,0.68,0.8,0.71,3.07,0.65,3.91,0.23,0.16,0.51,0.0,0.0,0.16,0.7,0.16,0.76,0.16,12.33,0.49,0.39
5,1_model_7_b0_d0__rank02_b0_d0,1,4,0.73,0.69,0.75,0.06,0.0,0.65,0.75,0.64,0.72,0.61,3.26,0.68,0.75,0.68,3.09,0.67,3.04,0.24,0.18,0.46,0.0,0.0,0.18,0.67,0.18,0.58,0.18,9.9,0.51,0.43
6,3_model_3_b2_d0__rank07_b0_d0,4,3,0.71,0.7,0.77,0.0,0.0,0.66,0.8,0.59,0.59,0.57,3.19,0.68,0.78,0.74,2.35,0.61,3.53,0.39,0.34,0.56,0.0,0.0,0.34,0.65,0.34,0.47,0.34,6.1,0.35999999999999993,0.22999999999999993
7,3_model_3_b2_d0__rank09_b1_d0,2,0,0.7,0.69,0.75,0.0,0.0,0.63,0.81,0.64,0.64,0.56,3.16,0.7,0.75,0.69,2.76,0.71,2.55,0.48,0.45,0.61,0.0,0.0,0.45,0.7,0.45,0.74,0.45,3.86,0.23999999999999994,0.11000000000000004
8,1_model_7_b0_d0__rank06_b0_d0,2,4,0.79,0.79,0.79,0.0,0.0,0.69,0.74,0.74,0.71,0.66,3.43,0.77,0.82,0.73,2.59,0.81,1.66,0.65,0.63,0.75,0.0,0.0,0.63,0.74,0.63,0.79,0.63,3.05,0.16000000000000003,0.030000000000000027
9,9_model_4_b0_d0__rank09_b2_d0,3,0,0.7,0.68,0.77,0.0,0.0,0.64,0.7,0.64,0.83,0.6,3.73,0.68,0.77,0.68,3.47,0.67,3.3,0.34,0.28,0.61,0.0,0.0,0.28,0.59,0.28,0.81,0.28,7.6,0.4,0.31999999999999995
10,9_model_4_b0_d0__rank02_b1_d0,2,4,0.7,0.69,0.77,0.0,0.0,0.55,0.68,0.62,0.8,0.51,6.0,0.66,0.77,0.59,4.59,0.73,2.61,0.47,0.41,0.67,0.0,0.0,0.41,0.67,0.41,0.81,0.41,5.77,0.27999999999999997,0.10000000000000003
